	louvain
AAACAACGAATAGTTC-1	4
AAACAAGTATCTCCCA-1	2
AAACAATCTACTAGCA-1	0
AAACACCAATAACTGC-1	5
AAACAGCTTTCAGAAG-1	3
AAACAGGGTCTATATT-1	3
AAACAGTGTTCCTGGG-1	5
AAACATTTCCCGGATT-1	2
AAACCACTACACAGAT-1	7
AAACCCGAACGAAATC-1	2
AAACCGGGTAGGTACC-1	6
AAACCGTTCGTCCAGG-1	3
AAACCTAAGCAGCCGG-1	2
AAACCTCATGAAGTTG-1	3
AAACGAAGAACATACC-1	0
AAACGACAGTCTTGCC-1	7
AAACGAGACGGTTGAT-1	1
AAACGCCCGAGATCGG-1	7
AAACGGGCGTACGGGT-1	2
AAACGGGTTGGTATCC-1	0
AAACGGTTGCGAACTG-1	5
AAACGTGTTCGCCCTA-1	0
AAACTAACGTGGCGAC-1	0
AAACTCGGTTCGCAAT-1	2
AAACTCGTGATATAAG-1	0
AAACTGCTGGCTCCAA-1	4
AAACTTGCAAACGTAT-1	3
AAAGAATGTGGACTAA-1	2
AAAGACATGAAGTTTA-1	1
AAAGACCCAAGTCGCG-1	1
AAAGACTGGGCGCTTT-1	3
AAAGGCTACGGACCAT-1	3
AAAGGCTCTCGCGCCG-1	3
AAAGGGATGTAGCAAG-1	1
AAAGGGCAGCTTGAAT-1	1
AAAGGTAAGCTGTACC-1	0
AAAGGTCAACGACATG-1	7
AAAGTAGCATTGCTCA-1	3
AAAGTCACTGATGTAA-1	1
AAAGTCGACCCTCAGT-1	3
AAAGTGTGATTTATCT-1	2
AAAGTTGACTCCCGTA-1	2
AAATAACCATACGGGA-1	0
AAATAAGGTAGTGCCC-1	0
AAATACCTATAAGCAT-1	3
AAATAGCTTAGACTTT-1	7
AAATAGGGTGCTATTG-1	2
AAATCACTCCTAAACG-1	7
AAATCCGATACACGCC-1	2
AAATCGTGTACCACAA-1	6
AAATCTAGCCCTGCTA-1	2
AAATGATTCGATCAGC-1	0
AAATGCTCGTTACGTT-1	1
AAATGGCATGTCTTGT-1	0
AAATGGCCCGTGCCCT-1	3
AAATGGTCAATGTGCC-1	6
AAATGTATCTTATCCC-1	5
AAATGTGGGTGCTCCT-1	0
AAATTAACGGGTAGCT-1	1
AAATTAATAAGCGCGA-1	3
AAATTACACGACTCTG-1	0
AAATTACCTATCGATG-1	0
AAATTCCAGGTCCAAA-1	7
AAATTGATAGTCCTTT-1	3
AAATTGCGGCGGTTCT-1	1
AAATTGGTGAGAAGCA-1	0
AAATTTACCGAAATCC-1	0
AAATTTGCGGGTGTGG-1	3
AACAACTGGTAGTTGC-1	4
AACAATACATTGTCGA-1	5
AACAATTACTCTACGC-1	6
AACACACGCTCGCCGC-1	2
AACACGACTGTACTGA-1	0
AACACGAGACGCGGCC-1	3
AACACGCGGCCGCGAA-1	1
AACAGCTGTGTGGCAA-1	5
AACAGGAAATCGAATA-1	1
AACAGGATGGGCCGCG-1	2
AACAGGTAGTATGGAT-1	2
AACATAGCGTGTATCG-1	3
AACATATCAACTGGTG-1	0
AACATCGATACGTCTA-1	0
AACATTGGTCAGCCGT-1	4
AACATTGTGACTCGAG-1	5
AACCAAGACTTCTCTG-1	6
AACCAGTATCACTCTT-1	0
AACCATGGGATCGCTA-1	1
AACCCAGAGACGGAGA-1	1
AACCCGACAACCCGTG-1	5
AACCCGAGCAGAATCG-1	2
AACCCGATAGGGCTTC-1	7
AACCCTACTGTCAATA-1	7
AACCCTGGTGGAACCA-1	0
AACCGAGCTTGGTCAT-1	1
AACCGCTAAGGGATGC-1	2
AACCGTTGTGTTTGCT-1	0
AACCTAAAGCCGTCCG-1	0
AACCTCGCTTTAGCCC-1	2
AACCTGTCACGGAATT-1	2
AACCTTTAAATACGGT-1	2
AACCTTTACGACGTCT-1	0
AACGATAATGCCGTAG-1	2
AACGATAGAAGGGCCG-1	1
AACGATATGTCAACTG-1	1
AACGCATGATCTGGGT-1	0
AACGCGAACGGCAACA-1	1
AACGCGACCTTGGGCG-1	5
AACGCGGTCTCCAGCC-1	4
AACGCTGTTGCTGAAA-1	2
AACGGACGTACGTATA-1	2
AACGGCCATCTCCGGT-1	3
AACGTACTGTGGGTAC-1	3
AACGTAGTCTACCCAT-1	0
AACGTCAGACTAGTGG-1	4
AACGTGATGAAGGACA-1	0
AACGTGCGAAAGTCTC-1	1
AACGTTATCAGCACCT-1	4
AACTACCCGTTTGTCA-1	2
AACTAGCGTATCGCAC-1	0
AACTAGGCTTGGGTGT-1	3
AACTCAAGTTAATTGC-1	6
AACTCCAGAGCGTGTT-1	4
AACTCCTAATCCCATG-1	0
AACTCGATAAACACGT-1	0
AACTCGATGGCGCAGT-1	1
AACTCTCAATAGAGCG-1	1
AACTCTCAGTGTGCTC-1	3
AACTGAGGTCAGCGTC-1	0
AACTGATATTAGGCCT-1	1
AACTGGGTCCCGACGT-1	1
AACTGGGTTCGAGCCG-1	0
AACTGGTGTGGGCCTT-1	0
AACTTCTGCGTCTATC-1	4
AACTTGCCCGTATGCA-1	6
AACTTGCGTTCTCGCG-1	1
AACTTTACGGGAGCTT-1	3
AACTTTAGCTGCTGAG-1	0
AACTTTCTCGATCATG-1	0
AAGAAATCACCAGATT-1	0
AAGAAGGATCAGTTAG-1	1
AAGACATACGTGGTTT-1	2
AAGACCCAACTGAACA-1	3
AAGACTAACCCGTTGT-1	1
AAGACTCACGCCCACT-1	7
AAGACTGCAAGCTACT-1	1
AAGAGATGAATCGGTA-1	6
AAGAGCTCTTTATCGG-1	1
AAGAGGATGTACGCGA-1	6
AAGAGGCATGGATCGC-1	1
AAGAGGCCCTTTGGAA-1	2
AAGATGGCACCGGACC-1	3
AAGATTGGCGGAACGT-1	1
AAGCACCCTGCGTATC-1	2
AAGCATACTCTCCTGA-1	2
AAGCCGAAGCGGTTTA-1	2
AAGCCGCTTTACCTTG-1	0
AAGCGCAGGGCTTTGA-1	2
AAGCGGAGTGCGCGCA-1	0
AAGCGGCGTCATGGGT-1	0
AAGCGTCCCTCATCGA-1	3
AAGCTAGATCGAGTAA-1	3
AAGCTCGTGCCAAGTC-1	1
AAGCTCTTTCATGGTG-1	2
AAGGAGAACTTATAAG-1	0
AAGGAGCGGTTGGTGC-1	4
AAGGATCGATCGCTTG-1	7
AAGGATGAGGGACCTC-1	1
AAGGCAGGCTGTCTCC-1	2
AAGGCGCGTAAAGCTT-1	4
AAGGCTGTGCTCATCG-1	6
AAGGGACAGATTCTGT-1	1
AAGGGACTATGCATTC-1	5
AAGGTATCCTAATATA-1	1
AAGGTGATAAACCAGC-1	2
AAGTAAGCTTCCAAAC-1	0
AAGTAGAAGACCGGGT-1	1
AAGTAGTGACGCGAGG-1	6
AAGTCAATTGTCGTCA-1	2
AAGTCTAGTAGCTGCC-1	0
AAGTCTTCTGTGGCCT-1	3
AAGTGACGACCGAATT-1	6
AAGTGAGTCGGGTTTA-1	3
AAGTGCAAAGGTAGAC-1	3
AAGTGCCTTGACTGTA-1	2
AAGTGCGTTAGAATCT-1	3
AAGTGCTTCTCTATTG-1	5
AAGTGTTTGGAGACGG-1	2
AAGTTCACTCCAAGCT-1	2
AAGTTCAGTCTGCGTA-1	0
AAGTTCGGCCAACAGG-1	3
AAGTTGTGATGTTATA-1	2
AAGTTTACTAATGGCA-1	0
AAGTTTATGGGCCCAA-1	2
AATAACAACGCTCGGC-1	6
AATAACACTAGAACAA-1	3
AATAAGTCCTCGAGAC-1	0
AATACAATGTTTCAGG-1	1
AATACCGGAGGGCTGT-1	5
AATACCTGATGTGAAC-1	3
AATAGAACAGAGTGGC-1	3
AATAGAATCTGTTTCA-1	2
AATAGCAAGCCTCCTG-1	7
AATAGCTACCGCGTGC-1	0
AATAGTCCGTCCCGAC-1	3
AATAGTCGCGAGTCGG-1	4
AATATCAAGGTCGGAT-1	1
AATATCGAATCAATGC-1	2
AATATCGAGGGTTCTC-1	0
AATATTGGAGTATTGA-1	6
AATCAGACTGCAGGAC-1	1
AATCAGGTTTCATTTA-1	5
AATCATGTAAAGACTC-1	2
AATCCAAGGGCCTGAG-1	1
AATCCATGCAAGGGTG-1	1
AATCGAGGTCTCAAGG-1	3
AATCGCCTCAGCGCCA-1	4
AATCGCGCAGAGGACT-1	2
AATCGGGACACTACGA-1	0
AATCGGTATAGCCCTC-1	3
AATCGTGAGCCGAGCA-1	2
AATCTAGGTTTACTTG-1	5
AATCTATGCCGGAGCC-1	0
AATCTCTACTGTGGTT-1	3
AATCTGCGTTGGGACG-1	1
AATCTGGCTTTCTAGT-1	5
AATCTGGGTAGACCCT-1	0
AATGACAGCAATGTCT-1	3
AATGACGTAGGATGTC-1	1
AATGACTGTCAGCCGG-1	1
AATGAGTTCGCATATG-1	1
AATGATGATACGCTAT-1	0
AATGATGCGACTCCTG-1	0
AATGCAACCGGGTACC-1	1
AATGCACCAAGCAATG-1	0
AATGGCCGCCAATGCG-1	7
AATGGTCCACCGTTCA-1	4
AATGGTTCTCACAAGC-1	4
AATGTGCCCGAGGTGT-1	3
AATGTGCTAATCTGAG-1	5
AATGTTAAGACCCTGA-1	3
AATGTTGTCGTGAGAC-1	2
AATTAAAGGTCGGCGT-1	6
AATTAACGGATTTCCA-1	2
AATTACTCGTACGCTC-1	4
AATTAGCGCTGCAGCG-1	2
AATTATACCCAGCAAG-1	3
AATTCATAAGGGATCT-1	0
AATTCCAACTTGGTGA-1	4
AATTCCAAGCATGTAC-1	5
AATTCGATTCGAGGAT-1	2
AATTCTAGAGTTAGGC-1	2
AATTGAACGCTCTGGT-1	2
AATTGCAGCAATCGAC-1	2
AATTGTGGTTGCCAAA-1	2
AATTTGGGACATAGTA-1	0
AATTTGGTTCCAAAGA-1	0
ACAAACCGACAAGGCG-1	0
ACAAAGAAGGTAGGCC-1	2
ACAAAGCATGACCTAG-1	2
ACAAATCGCACCGAAT-1	2
ACAAATGGTAGTGTTT-1	2
ACAAATTCAGATCTGA-1	0
ACAACAGCATGAGCTA-1	1
ACAACGGTCCCTGCGA-1	4
ACAAGCAGTGCCTAGC-1	6
ACAAGCTATATGGAAG-1	3
ACAAGGAAATCCGCCC-1	2
ACAAGGACAAGAGGTT-1	6
ACAAGGATGCTTTAGG-1	2
ACAAGGCCTACCAGCC-1	4
ACAAGGGCAGGCTCTG-1	4
ACAATAGTCGTACGTT-1	4
ACAATCCATTTAAACC-1	6
ACAATCGATCTTTATA-1	0
ACAATGAATACGGAGA-1	3
ACAATGATTCTTCTAC-1	7
ACAATTGTGTCTCTTT-1	2
ACAATTTAGGAGGCTC-1	3
ACAATTTGAGCAGTGG-1	1
ACACAAAGACGGGTGG-1	1
ACACAAATATTCCTAG-1	0
ACACACCAGGACCAGT-1	2
ACACACTTTCTACACG-1	0
ACACATTGACGCAACA-1	4
ACACATTTCCGTAGAC-1	3
ACACCACATAATTAGC-1	0
ACACCCAGCATGCAGC-1	1
ACACCCGAGAAATCCG-1	4
ACACCCGTAAATCTGT-1	1
ACACCGAGCGCTCTTT-1	2
ACACCTTAAGTAGGGC-1	4
ACACCTTACTACTTGC-1	2
ACACGAGACTCCTTCT-1	1
ACACGGCACTATGCAT-1	0
ACACGGGAACTTAGGG-1	1
ACACGTAGGCCACAAG-1	2
ACACTCCAATGTCACT-1	4
ACACTGATCAAGGTGT-1	3
ACACTGGGACAGTCGT-1	2
ACAGAACTGAGAACAA-1	3
ACAGATTAGGTTAGTG-1	0
ACAGCATAGAGCCAGT-1	0
ACAGCGACATTCTCAT-1	2
ACAGCGCACCCGCAGC-1	0
ACAGGCACGGATCCTT-1	3
ACAGGCTTGCCCGACT-1	2
ACAGGTGGAGGTGAGG-1	3
ACAGGTGTGTTGTTGC-1	4
ACAGTAATACAACTTG-1	3
ACAGTATACCGTGGGA-1	0
ACAGTGCAGCGCATTT-1	2
ACATAATAAGGCGGTG-1	1
ACATCAGCTGGGACGC-1	3
ACATCCCGGCCATACG-1	3
ACATCCTGGTAACTGT-1	2
ACATCGATCGTTTACC-1	4
ACATCGGTCAGCCGCG-1	6
ACATCGTATGCAATGG-1	2
ACATCGTTAACCTAGT-1	0
ACATCTCAACGCGTAA-1	0
ACATGGCGCCAAAGTA-1	7
ACATGGCTCAATTTAG-1	4
ACATTAGTTTATATCC-1	2
ACATTTGAAACCTAAC-1	3
ACCAAACACCCAGCGA-1	0
ACCAAACTAGAAATCC-1	0
ACCAACACCACACACT-1	0
ACCAACCGCACTCCAC-1	2
ACCAACGCTTATTTAT-1	3
ACCAAGAACGCGTGTC-1	4
ACCAAGTCATCGGCAG-1	2
ACCAATATGCAAGTTA-1	2
ACCACAACTCAGAACA-1	0
ACCACAAGTTTCTATC-1	6
ACCACACGGTTGATGG-1	3
ACCACCAATGTAACAA-1	7
ACCACCCTCTCTTCTA-1	0
ACCACGTGCAGCTATA-1	2
ACCACTGTTCAAGAAG-1	4
ACCAGACCATAACAAC-1	3
ACCAGCCCGGTCTTTG-1	0
ACCAGGAGTGTGATCT-1	0
ACCAGTGCCCGGTCAA-1	0
ACCAGTGCGGGAGACG-1	2
ACCATATCCGCAATAA-1	6
ACCATCCGCCAACTAG-1	3
ACCATCGTATATGGTA-1	6
ACCATTAAGGGTGTCA-1	2
ACCCAACGCCCGTGGC-1	1
ACCCACCTACATGCTC-1	4
ACCCATCTTGAGGGTA-1	6
ACCCATTTGTCCCTCT-1	2
ACCCGAGCGAAATTAC-1	5
ACCCGATTGGTTCCGA-1	5
ACCCGGAAACTCCCAG-1	2
ACCCGGATGACGCATC-1	7
ACCCGGTTACACTTCC-1	6
ACCCGTAGTCTAGTTG-1	2
ACCCGTGTCATCAGTA-1	3
ACCCTATAGGACTGAG-1	1
ACCCTATGCCATATCG-1	3
ACCCTCCCGTCAGGGC-1	2
ACCCTCCCTTGCTATT-1	2
ACCCTGGTAACGCCCT-1	0
ACCCTTCATCTGCGAA-1	0
ACCCTTGCCTGGGTCG-1	0
ACCCTTTAGTTCTCCA-1	0
ACCGAAAGGGCCCTGC-1	0
ACCGACACATCTCCCA-1	2
ACCGACTGAGTCCCAC-1	1
ACCGAGTCTCCTTATT-1	3
ACCGATAGGCATAACC-1	2
ACCGATGGTAGCATCG-1	1
ACCGCAATAACTGCCT-1	2
ACCGCGGTGGAAGTCG-1	2
ACCGGGCCTTTGTTGA-1	2
ACCGGTCTGAGTACGG-1	0
ACCGTGACCACGTGGG-1	5
ACCGTTCCCGCTCTGA-1	0
ACCTAAGTACCTTTCA-1	3
ACCTAATCGACTTCCT-1	6
ACCTACAGTATGTGGT-1	2
ACCTACTATAAATCTA-1	5
ACCTCCGCCCTCGCTG-1	2
ACCTCCGTTATTCACC-1	7
ACCTGCGTGTCATGTT-1	3
ACCTTTCCTTTAGAAG-1	0
ACGAAATGGGCGGCAC-1	6
ACGACTCTAGGGCCGA-1	3
ACGACTGGTCATACTC-1	5
ACGAGAACCCATCACG-1	1
ACGAGATATTTGCTTA-1	0
ACGAGGATACCACTCT-1	3
ACGAGTACGGATGCCC-1	1
ACGATACATAGAACTA-1	1
ACGATACCTATCCTGA-1	3
ACGATCATACATAGAG-1	1
ACGATCATCTTGTAAA-1	0
ACGATGCATATGTTAT-1	6
ACGATGGATCCGATGC-1	0
ACGCAAACTAATAGAT-1	5
ACGCAATCACTACAGC-1	0
ACGCATAAATGACATG-1	7
ACGCATACGTTTACTA-1	4
ACGCATTCGTGAGTAC-1	6
ACGCCACTCGAAACAG-1	3
ACGCCAGATGATTTCT-1	0
ACGCCAGTGCGTTTGC-1	2
ACGCCCAGCTGTCGAT-1	0
ACGCCGCTAGACGACC-1	4
ACGCGAAGTCAGACGA-1	2
ACGCGCTACACAGGGT-1	6
ACGCGGGCCAAGGACA-1	1
ACGCGTTTCTTAAGAG-1	3
ACGCTAGTATCAGTGC-1	1
ACGCTAGTGATACACT-1	4
ACGCTGTGAGGCGTAG-1	3
ACGCTTAGTGTCTCTC-1	0
ACGGAACACGAGTGCC-1	2
ACGGAATTTAGCAAAT-1	1
ACGGACTCTCAAAGCG-1	2
ACGGAGCGCAAATTAC-1	0
ACGGATGGTGCGGATA-1	2
ACGGCACTTGCTTGGG-1	4
ACGGCCAACATGGACT-1	3
ACGGCGACGATGGGAA-1	2
ACGGCGGGTTGCCCTG-1	1
ACGGGAGTGTCGGCCC-1	3
ACGGGCGTATGCGACA-1	0
ACGGGTCATGTGACTT-1	4
ACGGTACAGTTCAATG-1	3
ACGTACAGATTTCTCT-1	0
ACGTACTTTGGCACGG-1	5
ACGTAGATTGCTGATG-1	1
ACGTAGGAGAGTCGCT-1	2
ACGTATTACTCCGATC-1	2
ACGTCCTAAACGAGAT-1	0
ACGTCTCGTTCCGGGA-1	3
ACGTGCGCCTCGTGCA-1	1
ACGTGGTCGAATGTGC-1	0
ACGTTAATGTCGAAGA-1	3
ACGTTAGATTTGCCCG-1	6
ACGTTATTGGTCACTC-1	5
ACGTTCCGCGCTCCGT-1	0
ACGTTCGCAATCAATT-1	1
ACGTTCGTTCAGGAAA-1	3
ACGTTCTGTACAAGTC-1	2
ACGTTTAGTTGTGATC-1	0
ACTAAGGACGCACACC-1	4
ACTAATACGTCAGGCG-1	0
ACTACAAAGAGAGGTG-1	5
ACTACCAGCTCTCTGG-1	4
ACTACGCGTTAGAATT-1	3
ACTAGTTGCGATCGTC-1	4
ACTATATGCTGTGTTC-1	0
ACTATCCAGGGCATGG-1	7
ACTATCGCCGGCTAAA-1	5
ACTATCTGCCCGCGTA-1	2
ACTATTCGTCCGTGGT-1	0
ACTATTTCCGGGCCCA-1	5
ACTCAACGAATGTATT-1	1
ACTCAAGTGCAAGGCT-1	2
ACTCAATAAAGGCACG-1	1
ACTCAGACCTGCTTCT-1	1
ACTCCAATATCATCAT-1	5
ACTCCCATTCCTAAAG-1	3
ACTCCCGAATTCGTTT-1	1
ACTCCCGTAGACTAGG-1	0
ACTCCCTAATGCTAAA-1	2
ACTCCCTAGAATAGTA-1	2
ACTCCGGCCGACCACT-1	3
ACTCGATGTATTTCAT-1	5
ACTCGCCGTTCGATAA-1	2
ACTCGCGATCTGACGC-1	1
ACTCGTAACCCGTCCT-1	4
ACTCGTCAGTAATCCC-1	1
ACTCTAAACCTGGGAT-1	4
ACTCTCTGACTTAGGT-1	4
ACTCTCTTATACACGA-1	0
ACTCTGACCTAATAGA-1	2
ACTCTTGTATAGTAAC-1	1
ACTGAAACGCCGTTAG-1	2
ACTGAATGGCGAAAGT-1	2
ACTGATTTAGTGATTC-1	0
ACTGCCCGCCATTCTC-1	5
ACTGCCGTCGTAACTC-1	0
ACTGCGGACACACCGT-1	2
ACTGGCGAACCTGCGT-1	1
ACTGTACGATACACAT-1	1
ACTGTAGCACTTTGGA-1	6
ACTGTATACGCGAGCA-1	1
ACTGTCCAGGATTATA-1	6
ACTGTCTTCTTTAGAA-1	1
ACTGTGCTAGTAGATC-1	1
ACTGTTTAGTGTAGGC-1	0
ACTTACCGGGCGCGCA-1	0
ACTTACGCATCCACGC-1	2
ACTTAGTACGACAAGA-1	1
ACTTATACTTACCCGG-1	4
ACTTATCTGATCTATA-1	0
ACTTATTAGGATCGGT-1	1
ACTTATTTATGTGCCA-1	2
ACTTCAGGCTGATCCC-1	2
ACTTCCATGCGGGACA-1	2
ACTTCCTGTCGTGCGA-1	2
ACTTCGCCATACGCAC-1	1
ACTTGACTCCCTCTTT-1	4
ACTTGCCATATTGTAC-1	0
ACTTGGGACCCGGTGG-1	1
ACTTGTAGTCCCTTCA-1	3
ACTTGTGGATGGAACG-1	2
ACTTTACCCTCATGAA-1	1
ACTTTCCTATAGCTTC-1	4
ACTTTGACTGCATCCT-1	4
AGAAATTATGACTCGC-1	2
AGAACGTGGTACATTC-1	1
AGAACTGTACTTTGTA-1	3
AGAAGAGCGCCGTTCC-1	4
AGAAGGTACACTTCAC-1	5
AGAAGGTTGCCGAATT-1	6
AGAAGGTTGTAGGTCG-1	2
AGAAGTGATTCGTGAT-1	3
AGAATAAATCTTCAGG-1	3
AGAATACAGGCTATCC-1	3
AGAATGCGGGTTCGGA-1	0
AGAATTATGGATTCGA-1	1
AGAATTGTTTGACATA-1	1
AGACAGCTCAGAATCC-1	4
AGACATAGATCCTTCC-1	0
AGACCATGGGATACAA-1	4
AGACCCACCGCTGATC-1	2
AGACCCGCCCTCCTCG-1	1
AGACCGCTCCGCGGTT-1	4
AGACCGGGAAACCCTG-1	3
AGACGAAGTGCCGGTC-1	2
AGACGACGATGCCGCT-1	3
AGACGGGATTGGTATA-1	0
AGACGGGCCGATTTAA-1	0
AGACTAGCCTTCCAGA-1	4
AGACTGTTACCGGGTC-1	5
AGAGAAACACCAGAAA-1	5
AGAGAACCGTCTAGGA-1	1
AGAGAAGGAGTACAAT-1	3
AGAGATCTCTAAAGCG-1	3
AGAGCAGTTATGAGAC-1	6
AGAGCCGCCGAGATTT-1	2
AGAGCGCTTGTAACGG-1	0
AGAGCGGGCTAATCAT-1	1
AGAGCGTACAAGCTCG-1	1
AGAGCTACGAAAGCAT-1	1
AGAGGCTTCGGAAACC-1	2
AGAGGGACAATTGTCC-1	7
AGAGGTATCTCGGTCC-1	0
AGAGTAAACTTCACTA-1	2
AGAGTGAACAGACACC-1	7
AGAGTTAGAGACCGAT-1	0
AGAGTTGCAGGCCTCC-1	1
AGATAACTTCAGGGCC-1	6
AGATACCAATAGAACC-1	2
AGATACCAGCACTTCA-1	0
AGATACCGGTGTTCAC-1	6
AGATACGACTTCATAT-1	1
AGATACTCAAGATCGA-1	2
AGATATAATACGACTA-1	2
AGATCGTGCATAAGAT-1	0
AGATCTCAGGTGTGAT-1	1
AGATGACTCGCCCACG-1	1
AGATGAGGGTTGCGAT-1	0
AGATGATGGAGTCTGG-1	7
AGATGCAAGACGTGCA-1	5
AGATGCTATAACGAGC-1	4
AGATTATAGGACGTTT-1	6
AGATTCAAGCGGGTCG-1	7
AGATTCACAACCGATA-1	5
AGCAAAGGCCGCTAGT-1	2
AGCAACATATCTTATT-1	4
AGCAACCGAAAGTAAT-1	5
AGCACCAGTACTCACG-1	4
AGCACTACCGGCCTGT-1	2
AGCACTACCTCACCAG-1	2
AGCACTTAAGGACGCC-1	6
AGCAGAAGGAGAAAGA-1	2
AGCAGCCAGATGAATA-1	3
AGCAGTCGAAGCATGC-1	3
AGCATATCAATATGCT-1	2
AGCATCATTTCGAAAG-1	5
AGCATCGTCGATAATT-1	1
AGCATTACGAGGCAAG-1	2
AGCCAAGCTTTGTGTC-1	3
AGCCACAGGTTACCCG-1	2
AGCCACTCCCGTGCTT-1	1
AGCCATATAGTATGTG-1	5
AGCCCATACATGTAAG-1	6
AGCCCGCAACAAGCAG-1	5
AGCCCGGCATTAGAGG-1	5
AGCCCGGTAGCCTGTA-1	3
AGCCCTAAGCGAAGTT-1	1
AGCCCTTCTAATCCGA-1	0
AGCCCTTGGACATCCC-1	2
AGCCGCAAATTCAAAT-1	3
AGCCGCTTGATTAGCG-1	5
AGCCGTGGCTAAATGT-1	3
AGCCTAATACCCACGT-1	3
AGCCTTAAAGCGGAAG-1	4
AGCGACAGGAACGGTC-1	3
AGCGACATCCCATTCA-1	1
AGCGACCAACGATATT-1	1
AGCGATGCGCCTAATA-1	2
AGCGCATAATGAATCG-1	3
AGCGCGGGTGCCAATG-1	0
AGCGCTTATGGGCAAG-1	0
AGCGGACACTTCGTAG-1	3
AGCGGCGGTTAGCGGT-1	3
AGCGGGAAGGGTCCAT-1	1
AGCGGGTCTGACACTC-1	2
AGCGGTTGAGATGTAC-1	4
AGCGGTTGCCGCTCTG-1	0
AGCGTACGAGAGCTAG-1	1
AGCGTAGCGCTAGACC-1	1
AGCGTCTGAACCCGCA-1	1
AGCGTGGTATTCTACT-1	3
AGCGTTCCGATTTAAA-1	1
AGCTAACAAGCAATGT-1	5
AGCTAAGTACGCAGGC-1	2
AGCTAGAAGCAGAAGT-1	0
AGCTATTTAATCCAAC-1	0
AGCTCCATATATGTTC-1	2
AGCTCCTTCGCACATC-1	2
AGCTCGTTGATGGAAA-1	0
AGCTCTAGACGTTCCA-1	1
AGCTCTTCCCAGTGCA-1	0
AGCTCTTCGTAACCTT-1	7
AGCTCTTTACTCAGTT-1	4
AGCTGAAGTAAACCAA-1	0
AGCTGCATTTGAGGTG-1	7
AGCTGCTGTGCCGAAT-1	7
AGCTGTAACCTCAATC-1	3
AGCTTATAGAGACCTG-1	0
AGCTTCAATACTTTGA-1	0
AGCTTCTTCTCGAGCA-1	2
AGCTTGATCTTAACTT-1	6
AGGAAAGCCTCTGATG-1	1
AGGAAGCTGTCCGCCG-1	2
AGGACAGTCGAATCCC-1	4
AGGACATCGCACGTCG-1	1
AGGACGACCCATTAGA-1	6
AGGACGCTCGATGTTG-1	0
AGGACTTATAGGAGAA-1	2
AGGAGGCCTTCGCGCG-1	2
AGGATAAAGTCGGGAT-1	2
AGGATATAGGGATTTA-1	4
AGGATATCCGACTGCA-1	3
AGGATCACGCGATCTG-1	3
AGGCAAAGAGGAATCA-1	0
AGGCACGTGACTGTCC-1	2
AGGCAGATGCGTAAAC-1	1
AGGCAGGGAGCGTACT-1	3
AGGCATTGTCGTAGGG-1	2
AGGCCACCCGTTATGA-1	6
AGGCCCAGTGACTGGT-1	1
AGGCCCATTGTACAGG-1	4
AGGCCCTAGAACGCCA-1	3
AGGCCTATCATACCAA-1	5
AGGCCTGAGAATCTCG-1	2
AGGCGGTTTGTCCCGC-1	5
AGGCGTCTATGGACGG-1	0
AGGCTATGGTTAGCTT-1	4
AGGCTTCCCGAAGAAG-1	3
AGGCTTGCTAGACACC-1	4
AGGGAAACGAGGTACT-1	0
AGGGACAGCACGGCGG-1	0
AGGGACCGGCTGCGTT-1	7
AGGGACTCTACGCGAC-1	3
AGGGAGACATACTTCG-1	0
AGGGCAGCGGCGTGGT-1	0
AGGGCGAGCAGCTGAT-1	3
AGGGCGTGATCGGCTA-1	1
AGGGCTGCAGTTACAG-1	1
AGGGTCAGAGCACTCG-1	5
AGGGTCAGTAACCCTA-1	0
AGGGTCGATGCGAACT-1	7
AGGGTGCCGTTCTTTA-1	5
AGGGTGCTCTCGAGGG-1	1
AGGGTGGATAGTGCAT-1	4
AGGGTGTGCTACACGC-1	2
AGGGTTCAGACGGTCC-1	5
AGGGTTCCCTTTGGTT-1	1
AGGGTTTAGTTCGGGA-1	4
AGGTAACCTCCTATTC-1	1
AGGTACGATATTGCCA-1	0
AGGTAGATCGAGATAT-1	5
AGGTAGGTACAAAGCT-1	6
AGGTATAATTGATAGT-1	7
AGGTCAGGTGAGAGTG-1	3
AGGTCGCCACTTCGGT-1	0
AGGTCGCGGAGTTACT-1	0
AGGTGCACGTCCACAT-1	2
AGGTGGTGACCTTCGC-1	3
AGGTGTATCGCCATGA-1	3
AGGTTACACCATGCCG-1	2
AGGTTGAGGCACGCTT-1	4
AGGTTTCACACACCTT-1	3
AGTAACGTTCATCCTG-1	0
AGTAACTATAGCAGCC-1	2
AGTAATCTAAGGGTGG-1	3
AGTAATGTCTTGCCGC-1	1
AGTACAGAAGCTTATA-1	3
AGTACATCATTTATCA-1	0
AGTACCTTCGAGTGCT-1	0
AGTACGGCCCGTATCG-1	3
AGTACGGGCACCTGGC-1	1
AGTACGTGGCCTGTCT-1	0
AGTACTCTTATGCCCA-1	2
AGTAGAAGGCGCCTCA-1	5
AGTAGCGTGAACGAAC-1	0
AGTAGCTAGACGCCGA-1	1
AGTAGGAAGGAAGTTG-1	0
AGTAGGTAACATACAT-1	1
AGTATAATACTAGGCA-1	6
AGTATACACAGCGACA-1	5
AGTATCCATAATAACG-1	1
AGTATGCTGGAGACCA-1	5
AGTATTTGGCACGACC-1	3
AGTCAAATGATGTGAT-1	5
AGTCAACACCACCATC-1	6
AGTCAAGATGACACTT-1	2
AGTCACTAGCTCTCGA-1	2
AGTCACTCCGCCTCAT-1	1
AGTCAGCCACCGCCTG-1	4
AGTCCAGCGGGTACGT-1	1
AGTCCATTGGCTGATG-1	1
AGTCCCGCCTTTAATT-1	0
AGTCGACGGTCTCAAG-1	1
AGTCGGCCCAAACGAC-1	4
AGTCGGCTCAACTTTA-1	3
AGTCGGTTGCGTGAGA-1	2
AGTCGTATAAAGCAGA-1	2
AGTCGTCGACCACCAA-1	2
AGTCGTGGGCATTACG-1	3
AGTCTAAAGTATACTC-1	0
AGTCTCACAAGACTAC-1	3
AGTCTGGACATCCTTG-1	4
AGTCTTCTCCTCAAAT-1	1
AGTCTTTAAAGTGTCC-1	2
AGTGAACAAACTTCTC-1	2
AGTGAAGATGGTGTCC-1	0
AGTGACCTACTTTACG-1	3
AGTGACTGTGACACAA-1	5
AGTGAGACTTCCAGTA-1	1
AGTGAGCCTCGCCGCC-1	1
AGTGAGGGTTTCTGAC-1	0
AGTGAGTCGAATTAAC-1	2
AGTGATAACCTGCGCG-1	2
AGTGATATGAGTAGTT-1	4
AGTGATTCAAGCAGGA-1	1
AGTGCACGCTTAAGAA-1	2
AGTGCGTAGCTCGTAA-1	6
AGTGCTAAACACAGCA-1	2
AGTGCTTGCACGAATA-1	2
AGTGGCCCGCAAATGG-1	3
AGTGGCGGCAATTTGA-1	0
AGTGGCGTCTGAAGGT-1	2
AGTGGCTCCGTCGGCC-1	3
AGTGGTGTTACCCGTG-1	0
AGTGGTTGCGTATAGG-1	3
AGTGTATTGCGCATTG-1	0
AGTGTGCTAAGATCGC-1	4
AGTGTGGTCTATTGTG-1	4
AGTTAAACACTTGCGA-1	6
AGTTAAGCGGTCCCGG-1	0
AGTTAAGTCAACCGCT-1	3
AGTTACCCTTAAGACT-1	4
AGTTACCGCACATGGT-1	4
AGTTACTCTATCGTGG-1	0
AGTTATTGAAAGGTAA-1	0
AGTTCACCGGTTGGAC-1	5
AGTTCCTACAGAATTA-1	6
AGTTCCTATTTATGTT-1	4
AGTTCTGCGTTGTATC-1	4
AGTTGACATCGGCTGG-1	1
AGTTGACGGTCCTTGC-1	3
AGTTGCTGACTGATAT-1	4
AGTTGGCAAGGCTAGA-1	2
AGTTTCGCAGGTCGGA-1	0
AGTTTGCACCTGCCTC-1	2
AGTTTGGCACGGGTTG-1	2
AGTTTGGCCAGACCTA-1	3
ATAAACCATTGGACGG-1	0
ATAAACGGACCCGTAA-1	2
ATAAACGTTGCACCAC-1	2
ATAAAGGCTCGGTCGT-1	6
ATAAAGGTCAAGTACG-1	0
ATAAATATTAGCAGCT-1	6
ATAACGCCGGAGGGTC-1	1
ATAACGGAGTCCAACG-1	1
ATAACGTTACCTCCAC-1	1
ATAAGCAAACACCGAG-1	1
ATAAGGTGGAGAACAT-1	2
ATAAGTACCCGATTGT-1	1
ATAAGTAGGATTCAGA-1	0
ATAAGTAGGGCGACTC-1	7
ATAAGTTACCGCGACG-1	3
ATAATACCGTTAGCCG-1	1
ATAATAGCTGTTGAAT-1	2
ATAATAGTGTAGGGAC-1	1
ATAATCTTGGAGAACC-1	2
ATAATTAGCTAAGTAG-1	3
ATACAGGCCCTCCAAT-1	2
ATACCACGGGCAACTT-1	6
ATACCAGCAAATTGCT-1	0
ATACCAGGCTAATAGA-1	0
ATACCAGGTGAGCGAT-1	0
ATACCGTCATCCATAA-1	0
ATACCTAACCAAGAAA-1	2
ATACGACAGATGGGTA-1	7
ATACGCCGATCTACCG-1	0
ATACGCCGGCGAAACC-1	4
ATACGGAACGTCGTTT-1	5
ATACGGGTTTCGATTG-1	1
ATACGGTGAAGATGCA-1	2
ATACGTACTTAGCCAC-1	2
ATACGTCCACTCCTGT-1	2
ATACGTTATGCACGGA-1	3
ATACTACCCGTACCAC-1	2
ATACTAGCATGACCCT-1	1
ATACTCTCGCCACTCT-1	1
ATACTGCCTTACACCG-1	2
ATACTTGTTCTCGAGC-1	3
ATAGACAACGGGACCT-1	1
ATAGACGAAGAGAAAG-1	6
ATAGAGTACTGGGACA-1	1
ATAGAGTTATCAACTT-1	0
ATAGATTTGCAGTCGG-1	0
ATAGCAACTAGGGAAG-1	2
ATAGCCTCAGTACCCA-1	4
ATAGCTGCTCTTGTTA-1	4
ATAGGAATCTAAGCTT-1	0
ATAGGCGGCTATAGAA-1	6
ATAGGCTAGCTTCGCA-1	0
ATAGGGATATCCTTGA-1	1
ATAGGTTGGGCAGATG-1	4
ATAGTCTTTGACGTGC-1	0
ATAGTGAAGCGTTCTC-1	6
ATAGTTCCACCCACTC-1	0
ATATAAAGCGCTCGTG-1	2
ATATAAATGTAGCTGC-1	2
ATATAACACGGGCGCA-1	2
ATATACGCTCGTGACG-1	2
ATATCAACCTACAGAG-1	7
ATATCGGTAGGGAGAT-1	7
ATATCGTGCCAGACCC-1	0
ATATCGTTCCTCGAAC-1	2
ATATCTCCCTCGTTAA-1	0
ATATCTTAGGGCCTTC-1	6
ATATGGGATAGCAACT-1	5
ATATGTCTAGAGCGTG-1	3
ATATGTCTCCCTAGCC-1	0
ATATGTGCACAAACCA-1	7
ATATTCAGTTAAACCT-1	6
ATATTCCACATAGTGA-1	2
ATATTCCCACAGGTCA-1	0
ATATTGCTGTCAAAGT-1	4
ATATTTAACCCTCAAG-1	6
ATCAAACACTGTTCCA-1	2
ATCAAACGAAGGTTTG-1	3
ATCAAGATCCCAGGAC-1	5
ATCAATCTGGGCTGCA-1	4
ATCACATTAGAATATC-1	0
ATCACGTGCTAATTAA-1	3
ATCACTTCATCCTCGC-1	1
ATCAGACGGCACGCCG-1	6
ATCAGCCTCATGCTGC-1	2
ATCAGCTCGTCCACTA-1	3
ATCAGGTCGCCATTGC-1	0
ATCAGTAGGCAGGGAT-1	1
ATCATAGCCCTATGTA-1	3
ATCATCCAATATTTGT-1	6
ATCATCTGCCCAGTGT-1	0
ATCCAACGCAGTCATA-1	6
ATCCAATGGAGGGTCC-1	6
ATCCAATGGTACCGAA-1	3
ATCCACATCGACAGAA-1	2
ATCCACGCTAAATGTT-1	0
ATCCACTTTCAGACTA-1	1
ATCCAGAGCAACAACC-1	3
ATCCAGGATTCGTGAA-1	6
ATCCCATTTCCGTGGG-1	5
ATCCTACCTAAGCTCT-1	6
ATCCTGAATCGCTGCG-1	6
ATCCTGCGTGGAATGG-1	3
ATCCTGCTGCAGATAG-1	0
ATCGACCCAATACAGA-1	3
ATCGACTCTTTCCGTT-1	4
ATCGCACGATTGTTCA-1	4
ATCGCACGCCGGGAGA-1	1
ATCGCCAGTCAACATT-1	2
ATCGCTGCGTGCAGCA-1	0
ATCGGAGACAGACGGC-1	2
ATCGGCAAGCAGTCCA-1	0
ATCGGTTACCTAGTAA-1	2
ATCGTATTCCGAGAAC-1	4
ATCGTCCAATCGAGTC-1	1
ATCGTTAGCTAGCGGA-1	2
ATCGTTCACTTTCGCC-1	0
ATCTAACGTCCCTATG-1	5
ATCTAATATCCTACGG-1	2
ATCTACCATCTGCTCC-1	3
ATCTAGCTTGTGAGGG-1	3
ATCTCATAAACCTACC-1	7
ATCTCCCACGGAATAT-1	2
ATCTCCCTGCAATCTA-1	0
ATCTCGTGAGCGAAAC-1	2
ATCTGACATGGAAGGA-1	5
ATCTGATAGTGTCTTA-1	4
ATCTGCACCTCTGCGA-1	1
ATCTGCTGTTATCGCC-1	5
ATCTGGGCTGTTCTTG-1	2
ATCTGGTTAAGACTGT-1	1
ATCTGTAATTGTACCC-1	1
ATCTTATCGCACACCC-1	2
ATCTTGACCTGCAACG-1	1
ATCTTGACTTGTCCAA-1	0
ATCTTTCGTATAACCA-1	0
ATGAAGCCAAGGAGCC-1	1
ATGAAGTGGACCCAGC-1	4
ATGACGCCGGCTCTAA-1	1
ATGACGCGTTCTATCC-1	3
ATGACTATCAGCTGTG-1	5
ATGACTATGCGACATT-1	2
ATGAGGAGTGTTAATC-1	6
ATGAGGGCAGCGGCTA-1	4
ATGATCGGGAATAGAC-1	1
ATGATGCAATGGTACA-1	3
ATGCACCTTCCTTAAT-1	5
ATGCACTACCGCATTG-1	4
ATGCATGATCCAGGAT-1	1
ATGCATTCCGTGATGG-1	0
ATGCCAATCGCTCTGC-1	0
ATGCCATTTGCGACCA-1	2
ATGCCGGTCTTGCATA-1	4
ATGCCGGTTGATGGGA-1	0
ATGCGACAATTGGTCC-1	0
ATGCGACAGTCCCATT-1	1
ATGCGAGTCCCACCAC-1	2
ATGCTCAGTGTTGCAT-1	4
ATGCTCTGGCGCGGTA-1	2
ATGCTTAGGAGTTGAT-1	2
ATGGAACAGAATAAAC-1	7
ATGGAGCAGGCCGTGA-1	1
ATGGATCCGGCGTCCG-1	0
ATGGATTGACCAAACG-1	1
ATGGCAGCCGAGAAAC-1	2
ATGGCTGGAAATGGCC-1	0
ATGGGAACGGAAGCGG-1	0
ATGGGACCTGCTGAAC-1	5
ATGGGCCTCGGCCTCT-1	4
ATGGTATTGGGAACCG-1	3
ATGGTCGCGTGGTTTC-1	4
ATGGTGCTCAAAGCCA-1	0
ATGGTTACGAAACATG-1	1
ATGTAAGGCTGCTCTT-1	1
ATGTACATGCGGTGAG-1	2
ATGTACGATGACGTCG-1	3
ATGTAGCGCGCGTAGG-1	2
ATGTCATTTCCCATTG-1	5
ATGTGAAAGCCTAATG-1	3
ATGTGCATCCGACGCA-1	4
ATGTGGACATCTTGAT-1	3
ATGTGTAGTTTAGTCA-1	0
ATGTTACGAGCAATAC-1	1
ATGTTCCTGCCCACCT-1	4
ATGTTCGTCGACCCAC-1	3
ATGTTGATTAGAGACT-1	2
ATGTTGTAGTCTGTTT-1	5
ATGTTTGTAAGATCAT-1	1
ATTAAACATGCGGACC-1	3
ATTAACACCTGAGATA-1	5
ATTAATACTACGCGGG-1	1
ATTAATGAACCAGTCG-1	1
ATTAATTCGGTCACTC-1	0
ATTACAACTACCGGCC-1	0
ATTACATGTCAGTCTT-1	2
ATTACCACACTGCCTG-1	2
ATTACGACTCCACAGT-1	0
ATTACGCGCTGGCAGG-1	4
ATTACTAGCCTCTTGC-1	1
ATTACTTACTGGGCAT-1	0
ATTAGATTCCTCAGCA-1	0
ATTAGATTGATAGCGG-1	1
ATTAGGCGATGCTTTC-1	4
ATTATACTTTGCTCGT-1	0
ATTATAGCTACTTTAC-1	0
ATTATCGGAATGTACG-1	5
ATTATCTCGACAGATC-1	0
ATTATGCCATAGGGAG-1	1
ATTATGCTCAGTATTG-1	1
ATTATTATGTCCGTCA-1	3
ATTATTCAGAGTCACT-1	2
ATTCAACCATTTAAGG-1	2
ATTCACTGATGTTGGA-1	2
ATTCAGATGAATCCCT-1	7
ATTCAGGACCTATTTC-1	0
ATTCAGGATCGCCTCT-1	1
ATTCAGTAGCAGGGTC-1	6
ATTCATATACTGTCCA-1	2
ATTCATCGTTGAGGCA-1	2
ATTCCCACATAAACAA-1	6
ATTCCTAAGACGTGGA-1	0
ATTCCTCCGCCAGTGC-1	4
ATTCCTTCCAGGCGGT-1	1
ATTCGACGCCGGGCCT-1	6
ATTCGCAGAGGACACT-1	0
ATTCGCGCCTTGAGAG-1	2
ATTCGTGCTATCTCTT-1	2
ATTCTCGTCTCTTTAG-1	1
ATTCTGAGTATGAACT-1	0
ATTCTTCGTACTTATG-1	0
ATTGAAGATCTTAGTG-1	6
ATTGACCGGCGATGAC-1	0
ATTGACGTAACTCGGT-1	0
ATTGATAGCAACGAGA-1	1
ATTGATGAGTCCTAAC-1	1
ATTGCCTTTATGTTTG-1	2
ATTGCGATCAGTAACT-1	2
ATTGCTGCTCCTCCAT-1	6
ATTGGATTACAGCGTA-1	1
ATTGGGAATATCTTGG-1	1
ATTGGGAGTTCTGTAA-1	1
ATTGGTAGGATCCGCT-1	4
ATTGGTTGTGCATTAC-1	3
ATTGTACAACTCGGCT-1	7
ATTGTCGCAATACCTT-1	0
ATTGTCTGTTTCATGT-1	5
ATTGTGACTTCGCTGC-1	0
ATTTAACTCGTATTAC-1	1
ATTTACAGTTTACTGG-1	6
ATTTACTAAGTCCATT-1	0
ATTTATACTGGTAAAG-1	3
ATTTCATTATTTCGCG-1	0
ATTTCCGGGTTCTGCG-1	3
ATTTGCCTAGTTACGA-1	0
ATTTGCGCGAGTAGCT-1	3
ATTTGTCTTGGGAGCT-1	4
ATTTGTTCCAGGGCTC-1	1
CAAACCAGGTCTGCAT-1	3
CAAACCCTCCGGCGGG-1	5
CAAACGAGTATCGCAG-1	3
CAAACGGTCGCACTTT-1	6
CAAACGTGGTCTTGCG-1	0
CAAACTACGATAGAGA-1	0
CAAACTATTGAGCTTC-1	0
CAAACTCGCGACGCCG-1	2
CAAAGATTATTGGGCC-1	3
CAAAGGTTAAATTCAG-1	7
CAAAGTCAGGTTAGCT-1	1
CAAATCTCTCACAAGG-1	3
CAAATGCGGAGTGTTC-1	0
CAAATGTCCTTCCGTG-1	4
CAAATTGGATTATGCC-1	0
CAAATTGTCAGCAAGC-1	0
CAACACATCTCCTGCC-1	0
CAACAGAATAACGCTA-1	7
CAACAGTGCCAAACGG-1	0
CAACATGGCCTGATAA-1	1
CAACCAGTGGCCTACC-1	2
CAACCGCACCTAGACA-1	4
CAACCTACCGAGCAGT-1	2
CAACGACCCGTTTACA-1	1
CAACGGTTCTTGATAC-1	4
CAACGTGGTGGAGTCT-1	2
CAACTATATCGAATGC-1	0
CAACTCCAACGTTTAG-1	0
CAACTCCGTAACTTGC-1	0
CAACTCCTTGATCCCG-1	1
CAACTGAGGGTATGAC-1	1
CAACTGCTCATCCGAT-1	3
CAACTTGTAGTGGGCA-1	1
CAAGAAACCCTAAACT-1	7
CAAGAGGGCGGAGTAC-1	2
CAAGATATTATAACGT-1	2
CAAGCAACGTCGGAGT-1	6
CAAGCACCAAATGCCT-1	1
CAAGCGGCACATAATT-1	2
CAAGGATCGCATGTTC-1	4
CAAGGCCAGTGGTGCA-1	2
CAAGGGAGTGTATTTG-1	4
CAAGGTCCTATAGGCT-1	0
CAAGTAAGTGATAGAC-1	5
CAAGTGAACTTTGGTT-1	0
CAAGTGTGGTTGCAAA-1	1
CAATAAACCTTGGCCC-1	1
CAATACGAGAGTCTGA-1	2
CAATACGCTCTGAGGC-1	3
CAATATGTAGATTTAC-1	1
CAATATTCTTGACCTA-1	3
CAATATTGGACTAGTG-1	1
CAATCCATTATCCGTT-1	4
CAATCCCTATACCAGC-1	0
CAATCCTGCCGTGGAG-1	4
CAATGACCCTTAATTT-1	3
CAATGAGGTTCGACTA-1	0
CAATGCGAGAAGTATC-1	2
CAATGGAATCTACATA-1	0
CAATGGATCTCTACCA-1	1
CAATGGTCGGCCTGGG-1	0
CAATGTGCCAACCCTT-1	2
CAATTAAGGGTGATGA-1	4
CAATTTCGTATAAGGG-1	1
CAATTTGACCGGGAAG-1	1
CACAAGAAAGATATTA-1	0
CACAATGAGCTGCTAT-1	6
CACACACGCTAACGAG-1	2
CACACAGCTTGCGCTC-1	2
CACACAGGGATAGATT-1	1
CACACGCGCTGTCTTA-1	1
CACACGTTTCAATGGG-1	0
CACACTTGTATTGCGA-1	7
CACAGCACCCACGGCA-1	2
CACAGCTAGGGAGTGA-1	1
CACAGGGCCATATAGT-1	2
CACAGGGCCGTTGTCA-1	3
CACAGTCCCGCTTCGC-1	2
CACAGTTCGCTTCCCA-1	2
CACATAAGGCGACCGT-1	0
CACATATTAGCAGGAT-1	2
CACATCGTGCACGCGC-1	5
CACATCTCACCGACGA-1	2
CACATGATTCAGCAAC-1	1
CACATGTTTGGACATG-1	1
CACATTCTTTCGATGG-1	0
CACATTTCTTGTCAGA-1	2
CACCACGCCACACAGA-1	3
CACCAGTCAGCATGCA-1	5
CACCATCGGAGGAGAC-1	0
CACCATGATCGCAAAG-1	0
CACCCAAATCTTATGT-1	7
CACCCACACGTCACCC-1	1
CACCCACGAGGCAATT-1	0
CACCCGGTTTGTGACT-1	3
CACCCTAACAAGATCT-1	2
CACCCTTGGTGAGACC-1	3
CACCCTTTCCTCGCTC-1	1
CACCGATACACCGAGC-1	0
CACCGCCAGAAGGTTT-1	1
CACCGCCGACCAGCGA-1	0
CACCGCGTCCACTCTA-1	0
CACCGGAGATATCTCC-1	0
CACCGGGCATCACAAG-1	3
CACCGTATCCCATCCG-1	2
CACCGTTAGGGATCAC-1	3
CACCGTTGCGCGATAT-1	3
CACCTAATAGAGTCGT-1	1
CACCTAATCAGTTTAC-1	1
CACCTCGATGGTGGAC-1	1
CACCTCTACGAGTGTG-1	4
CACCTTGCGAAACTCG-1	1
CACCTTGGCGCCTTTG-1	2
CACGAAAGTTAGTCCC-1	6
CACGACCACAGACTTT-1	1
CACGACGTAATAGTAA-1	7
CACGACTAAAGTTCTG-1	0
CACGATTGGTCGTTAA-1	0
CACGCACAGCGCAGCT-1	1
CACGCAGCGAGGCTTT-1	6
CACGCGGAACTGTTGC-1	2
CACGGCGCGCCAAAGG-1	0
CACGGGATTGAGGGTT-1	3
CACGTCAATCAATGGA-1	2
CACGTCGGCAACCTCT-1	4
CACGTCGGGTTCTAGA-1	4
CACGTCTATGATGTGG-1	0
CACGTTCGTGCTCTAG-1	1
CACGTTTCGTACACAC-1	2
CACTAAAGTTGCCTAT-1	6
CACTACGGGAGCTGCC-1	2
CACTACTCAGTTCTGT-1	0
CACTCAAGAGCTATGG-1	6
CACTCAGCTCTTGAGG-1	0
CACTCCTATGTAAGAT-1	3
CACTCCTCTCGGTCGG-1	0
CACTCGAGCTGAACAA-1	2
CACTCGGTTAGGAGGA-1	3
CACTCTCAAGCATCGA-1	5
CACTCTTCTGCTAGCC-1	2
CACTGACGATTGTGGA-1	5
CACTGTCCAAGTGAGA-1	4
CACTTAATCAGACGGA-1	6
CACTTCGCCACAGGCT-1	4
CACTTCGTCTTATCTC-1	4
CAGAACTTAGCCCTCT-1	2
CAGAATAACACACGGA-1	2
CAGACACCGATCGCTG-1	3
CAGACCTGTAAGTGTT-1	1
CAGACGAACCTGATAC-1	3
CAGAGACGGTCACCCA-1	3
CAGAGCATGAGCTTGC-1	1
CAGAGGCGATGCATGA-1	3
CAGAGTGATTTAACGT-1	0
CAGATAATGGGCGGGT-1	2
CAGATACTAACATAGT-1	1
CAGATCATTTAAAGTC-1	0
CAGATCCTGGTTTGAA-1	5
CAGCAGCCCGTTCCTT-1	1
CAGCAGTCCAGACTAT-1	2
CAGCAGTCTGTGCTGC-1	2
CAGCCCTCACAGGCAG-1	0
CAGCCGGGCCCTCTAT-1	0
CAGCCTCCTGCAGAGG-1	1
CAGCCTCTCCTCAAGA-1	0
CAGCGATTCCCTTCAA-1	3
CAGCGCCAACACGATA-1	3
CAGCTCACTGAGACAT-1	1
CAGCTCGACAAGTTAA-1	1
CAGCTCGTGCTTGTGT-1	1
CAGCTGGCGTAACCGT-1	3
CAGCTTAGTAGGTAGC-1	6
CAGGAAGACTTTATAT-1	0
CAGGATATATCGTTGT-1	3
CAGGATCCGCCCGACC-1	0
CAGGCAGTCTTACCAG-1	2
CAGGCCGTTTGGGTGT-1	6
CAGGCGCACGGTGGTC-1	5
CAGGCGCCATGCTAGG-1	2
CAGGTTTAGTACTACA-1	0
CAGTAACTATTTATTG-1	0
CAGTAATCCCTCCCAG-1	4
CAGTACATTCTCTAAA-1	0
CAGTACCAGTTTACGT-1	3
CAGTAGATGATGTCCG-1	5
CAGTAGCCCACGCGGT-1	0
CAGTAGCGAGGTAGTA-1	1
CAGTCCAACGCCTTCT-1	4
CAGTCGAGGATGCAAT-1	0
CAGTCGGCCTAGATAT-1	5
CAGTCTCTCGGCTAAT-1	1
CAGTCTGTATACTGGG-1	4
CAGTGAATAAATGACT-1	1
CAGTGGTTGCACATGA-1	4
CAGTGTCCGCAGAATG-1	1
CAGTGTCGGCTGGCCC-1	2
CAGTTCAAATTGACAC-1	1
CAGTTCCGCGGGTCGA-1	6
CAGTTCGAGGACCCGA-1	5
CATAACGGACAGTCGT-1	1
CATAAGAAGCTTGGCT-1	2
CATAAGCTCTCCGTCT-1	3
CATAATGAGCGGGCGA-1	0
CATACAAAGCCGAACC-1	1
CATACACGGTTCCCAC-1	3
CATACCCGTACCCAGT-1	6
CATACGAACTAGCTGG-1	5
CATACGGCGTCTGGGC-1	4
CATACGGGTGCATGAT-1	4
CATACTATGTAATTGT-1	6
CATACTTAGGCAATAC-1	0
CATACTTCTTTCTCCG-1	5
CATAGAGGAGATACTA-1	3
CATAGCCGCCCGGGAT-1	6
CATAGCGTTGCCCACC-1	3
CATAGTACATTGAGAG-1	0
CATAGTAGCATAGTAG-1	1
CATAGTCAAATACATA-1	2
CATAGTCCACAAGAAC-1	6
CATATACTACTGATAA-1	0
CATATAGGTACAGTCA-1	6
CATATGTCAGGCTACG-1	4
CATATTATTTGCCCTA-1	0
CATCAAACTGGCGCCC-1	0
CATCAACACCTACTAA-1	2
CATCATCTACCCGGAC-1	0
CATCATTACCCTGAGG-1	2
CATCCCGAGATTCATA-1	2
CATCCGCAGGCCCGAA-1	1
CATCCTCTCAAAGATC-1	2
CATCGAATGGATCTCT-1	1
CATCGCCCGCGGCCAA-1	1
CATCGGACGGGTTAAT-1	6
CATCGTCCGGTTACTA-1	4
CATCTACCCGAGAACG-1	7
CATCTATCCCGTGTCT-1	0
CATCTGCAGGATCATT-1	4
CATCTTACACCACCTC-1	7
CATGAACCGACATTTG-1	1
CATGAACCTCTTATCA-1	0
CATGACTTCGCTGAAT-1	7
CATGAGATGCACTCTC-1	2
CATGATACGGTGAAAC-1	3
CATGATCGCTTTGAGA-1	2
CATGATGCACAATTCT-1	1
CATGATGGAAGTTAGC-1	2
CATGCACGTGTTACTG-1	0
CATGCATGGAGACCCT-1	0
CATGCCAACTCGCAAA-1	1
CATGCGACCAGTTTAA-1	0
CATGCGTTAGACAGAA-1	1
CATGCTGGCTCCAATT-1	0
CATGGAAATGGGACCA-1	0
CATGGATTGTCTTCCG-1	2
CATGGCAGGAAGATCG-1	1
CATGGCTCCCTATGTC-1	5
CATGGGTATGCCTTAT-1	2
CATGGGTCGGGTGTGG-1	0
CATGGTAAGTAGCGTT-1	4
CATGGTCTAGATACCG-1	1
CATGGTTTATTAATCA-1	2
CATGTAAGAGACATTT-1	2
CATGTAGGAGCGCCAA-1	0
CATGTCTCATTTATGG-1	2
CATGTGGGCTCATCAC-1	7
CATTACATAGATTGTG-1	0
CATTACGCAGGAAGGG-1	3
CATTACGTCGGCCCGT-1	1
CATTATAACAGGGTCC-1	0
CATTATCCCATTAACG-1	5
CATTATGCTTGTTGTG-1	4
CATTCACTGACAGCTA-1	0
CATTCAGGTCAGTGCG-1	1
CATTCCCATTCCGTCG-1	0
CATTCCCTAAGTACAA-1	1
CATTGATGAACACGCC-1	0
CATTGCAAAGCATAAT-1	0
CATTGCGAAATGGGCG-1	3
CATTGCGGGTCAATTC-1	0
CATTGTGTGCTAGATC-1	4
CATTTAGCGGACCATG-1	1
CATTTATCGTTCAAGA-1	0
CATTTCTAGCAGACTA-1	1
CATTTGAGTGGTACGT-1	3
CCAAACAGAACCCTCG-1	1
CCAAAGCAGTTGGTTG-1	1
CCAAAGTCCCGCTAAC-1	0
CCAAATAACAAGATTC-1	2
CCAACCTTATGTAACT-1	5
CCAACGATGCACTGAT-1	6
CCAACGCTTGCCAGGG-1	0
CCAAGAAAGTGGGCGA-1	3
CCAAGACTTCTGCGAA-1	1
CCAAGCGTAACTCGTA-1	1
CCAAGCTTGATCTCCT-1	0
CCAAGGAACAGAGAGG-1	1
CCAAGGTTGCCCTTTC-1	2
CCAAGTTTCTACAGAT-1	4
CCAATAGATTTCATCT-1	5
CCAATAGTGCCGTCGA-1	6
CCAATCGGTAGATCGA-1	0
CCAATGTCACAGCAAG-1	6
CCAATTACGGGTCGAG-1	0
CCAATTGAATGTTAAT-1	1
CCACAATGTACGTCTT-1	4
CCACACTGAGATATTA-1	6
CCACAGCTGAAATCAT-1	1
CCACAGTACCCATCCT-1	2
CCACATACTGCACCCA-1	5
CCACCAACTTTACTGT-1	3
CCACCCAAGGAAAGTG-1	1
CCACGAATTTAACCTC-1	0
CCACGAGAAGAGAATC-1	0
CCACGGAGCCATAAGA-1	3
CCACGGTGCCCGGTAG-1	7
CCACTAAACTGAATCG-1	1
CCACTATCCGGGTCAC-1	0
CCACTCAGATCCGCAA-1	3
CCACTGGTGGCTGGTT-1	3
CCACTGTTTGGATTAA-1	2
CCAGAAACTGATGCGA-1	2
CCAGAAAGCAACTCAT-1	3
CCAGAGACAAAGCCGG-1	4
CCAGATAGTTGAGTGA-1	1
CCAGATGTAAATGGGT-1	0
CCAGCCTGGACCAATA-1	1
CCAGCTACGCCTCATA-1	1
CCAGCTCGAACGCATT-1	4
CCAGCTGATGGTACTT-1	6
CCAGCTTCCGCCCGCA-1	4
CCAGGGACGTGGCCTC-1	1
CCAGTAGTCTGATCCA-1	0
CCAGTCAAATCTCTTA-1	3
CCAGTCCATTATTCGA-1	1
CCAGTCTAGACGGCGC-1	1
CCAGTCTTGTCATAGA-1	2
CCAGTTCGGTAACTCA-1	3
CCATAAACAACCCGAC-1	0
CCATACCTTTACTTGT-1	1
CCATACTCGCCTCTCC-1	4
CCATAGGTTGGCGTGG-1	1
CCATAGTCAGTAACCC-1	1
CCATATGGAAACTATA-1	7
CCATATTGGATCATGA-1	1
CCATCATAAGAACAGG-1	7
CCATCCATACCAAGTC-1	1
CCATCGCAGTTAAACT-1	2
CCATCTCACCAGTGAA-1	0
CCATCTTGTTCACAAT-1	1
CCATGCCCTAGATTTC-1	2
CCATGCCTGTTTAGTA-1	6
CCATGCTCTGCAGGAA-1	1
CCATGGCCCTTGTACC-1	6
CCATTAGCGATAATCC-1	6
CCATTCCCTGCCCACA-1	6
CCATTTCTACCTATTA-1	2
CCCAAACATGCTGCTC-1	1
CCCAACATACGTCGCG-1	6
CCCAACCACACTAACA-1	0
CCCAAGAATGCACGGT-1	0
CCCAAGACAGAGTATG-1	0
CCCAAGTCATTACACT-1	2
CCCAATGAGATTTGCA-1	5
CCCAATTTCACAACTT-1	6
CCCAGAGGAGGGCGTA-1	0
CCCAGGAAGAATTCGA-1	3
CCCAGGTCTGAAGGCT-1	2
CCCAGTAAACTTGGGA-1	5
CCCAGTTAAGGCGCCG-1	1
CCCATATAGGTCGATT-1	2
CCCGAAGTTTCGCGAA-1	3
CCCGACCATAGTCCGC-1	1
CCCGAGTTTCTCCGTA-1	2
CCCGCAGCGCGAACTA-1	3
CCCGCAGGGCCCAAAG-1	0
CCCGCCATGCTCCCGT-1	4
CCCGCGCAATGCACCC-1	4
CCCGCTAGAGGGTTAA-1	0
CCCGCTTGCCCTCGTC-1	0
CCCGGGTCGTTCAGGG-1	3
CCCGGTGGAAGAACCT-1	4
CCCGGTGTATCGGAAT-1	5
CCCGTAAGTCTAGGCC-1	6
CCCGTAGCTGGGAAGA-1	3
CCCGTCAGCGTCTGAC-1	1
CCCGTGAGGGCGGTGA-1	3
CCCGTTTCGCAGATGT-1	2
CCCTACCCACACCCAG-1	3
CCCTACTTGAACAATG-1	3
CCCTAGTGTCAGGTGT-1	1
CCCTATGTAGAGCAGA-1	5
CCCTCAAGCTCTTAGT-1	5
CCCTCATTCTGGAATT-1	1
CCCTCCTCGCTCGTAT-1	2
CCCTCGATAATACACA-1	5
CCCTCGGGAGCCTTGT-1	0
CCCTGAAATGAGTTGA-1	6
CCCTGACTAACAAATT-1	3
CCCTGATGTAACTCGT-1	1
CCCTGCCCAATCCGCT-1	3
CCCTGCGCTACGCATA-1	6
CCCTGGTATGGGCGGC-1	0
CCCTGTTGGCAAAGAC-1	1
CCCTTCTCGTACGCGA-1	0
CCCTTTAATGGAGTTC-1	2
CCCTTTGACAGGTCTT-1	4
CCGAAAGTGGTGAGCA-1	1
CCGAACACTGGGCCTC-1	4
CCGAACCTTCCCGGCC-1	2
CCGAAGTATATTGTTC-1	4
CCGACAAACACATGAG-1	1
CCGACAAAGGGAGTGC-1	6
CCGACAATAGGCCGCC-1	2
CCGACGGGCATGAGGT-1	3
CCGACGTAAACACAAC-1	0
CCGACTCGCATAGTCT-1	0
CCGAGAAGTCGCATAA-1	2
CCGAGCTGTGCTTGTC-1	0
CCGAGGGATGTTAGGC-1	0
CCGATCTCAACCTTAT-1	7
CCGATCTTAAGAGGCT-1	1
CCGATTCGAGGGACCC-1	3
CCGATTGGTCAATGAA-1	1
CCGCACAAAGACCAAC-1	1
CCGCACGTGACCTCGG-1	6
CCGCACTTGCAATGAC-1	2
CCGCATGTGGTACGAT-1	2
CCGCCACCACAATCCA-1	0
CCGCCGGTCAACACAC-1	1
CCGCCGTTGAGGATAA-1	2
CCGCCTGCGAATTGGT-1	0
CCGCCTTGCGATGTCG-1	3
CCGCGATTTGGTAGGT-1	4
CCGCGGAATGCGTCAC-1	3
CCGCGGGTACGAAGAA-1	6
CCGCGTAGGTAAGGGC-1	4
CCGCTATCAGCACCAG-1	2
CCGCTCCAGGGCGATC-1	5
CCGCTCTTCCGAACTA-1	2
CCGCTGGTGCCATTCA-1	0
CCGCTTACCTCACTCT-1	4
CCGCTTCGCGGTTAAC-1	0
CCGCTTGCTGACATGG-1	0
CCGGAATGGTTTCAGT-1	4
CCGGAGCGTACTTTCT-1	3
CCGGAGGTCTTATGGT-1	0
CCGGCACGACCGTTTC-1	7
CCGGCGCATATTGGAT-1	1
CCGGCGTGAGACTCTG-1	3
CCGGGACCCGCAGAGA-1	1
CCGGGCGGTCTCGTCA-1	1
CCGGGCTGCTCCATAC-1	4
CCGGGTTCGAGGTTAC-1	6
CCGGTAATGGCTAGTC-1	2
CCGGTTTGTAATTGTG-1	3
CCGTAAGTTGGTCCCA-1	4
CCGTACCCAAGCGCCA-1	1
CCGTAGGAAATCCCTG-1	2
CCGTAGGGTTGTTTAC-1	4
CCGTATCTCGTCGTAG-1	3
CCGTATTAGCGCAGTT-1	0
CCGTGAGGCATTCATG-1	2
CCGTGCCCATGACGGC-1	1
CCGTGGAACGATCCAA-1	0
CCGTGTTAAATTCCAT-1	4
CCGTTACGTTAGAACA-1	0
CCGTTCCGAATCTCGG-1	6
CCTAAACAGGGTCCGT-1	0
CCTAAAGGCTGACGCT-1	0
CCTAAATTAACGGTTC-1	1
CCTAAATTGTATCCTA-1	2
CCTAACCCAAACAAGT-1	2
CCTAACTAAGGCTCTA-1	0
CCTAAGTGTCTAACCG-1	4
CCTACAAGTCCGGAAT-1	0
CCTACAGTTGAGGGAG-1	7
CCTACATTCACAGACG-1	3
CCTACGCGACCTTACA-1	4
CCTACGGCTCAGTCGA-1	1
CCTACTCAACACGATT-1	2
CCTACTGCGGCGGCCA-1	0
CCTACTGCTTACACTT-1	4
CCTAGGCGTAGCGATC-1	4
CCTAGGTAAAGGTAGC-1	5
CCTAGTTAGTCGCATG-1	0
CCTATAATGAGTGCCC-1	2
CCTATACCGTCCTGTC-1	3
CCTATATTTGTCCTGG-1	3
CCTATCTATATCGGAA-1	0
CCTATGAAGTGGTGCC-1	7
CCTATGGCTCCTAGTG-1	5
CCTATGGGTTACCGTC-1	1
CCTATGGTCAAAGCTG-1	2
CCTATGTCCACTCCAC-1	2
CCTCACCAATCTTGAC-1	4
CCTCACCTGAGGGAGC-1	0
CCTCACCTTAGCATCG-1	0
CCTCATGCAGCTACGA-1	1
CCTCCCGACAATCCCT-1	0
CCTCCGACAATTCAAG-1	6
CCTCCTGAGCCCACAT-1	3
CCTCCTGTTGTGTCGT-1	2
CCTCGAAGTGGACGGG-1	0
CCTCGACCCACTGCCT-1	0
CCTCGCCAGCAAATTA-1	1
CCTCGCGCGATATAGG-1	0
CCTCGCGCTGTGCGAT-1	3
CCTCGGACCGGGATAG-1	4
CCTCGGATGCTACCTG-1	3
CCTCGGTTTCCTTGCC-1	5
CCTCGTTACGCCTGTT-1	1
CCTCTAATCTGCCAAG-1	1
CCTCTATCGATTAGCA-1	3
CCTCTCTCCCATCTAG-1	1
CCTCTGGCCTAGACGG-1	0
CCTCTGTACTATTCTA-1	4
CCTGAACGATATATTC-1	1
CCTGAATATTTACATA-1	1
CCTGACAAACTCGCGC-1	5
CCTGACCACCGATGGT-1	4
CCTGACGCAACCTTTA-1	0
CCTGAGAATAAATGCA-1	5
CCTGCCCGTTGTCTAG-1	2
CCTGCGATAGAACTGT-1	1
CCTGCGTTCTACGCTT-1	4
CCTGCTATTTGAGAAG-1	1
CCTGGAAACGTTCTGC-1	2
CCTGGCTAGACCCGCC-1	1
CCTGGTCGAATGTGGG-1	2
CCTGTAAGACATGATA-1	6
CCTGTACTCACGCCCA-1	6
CCTGTCACCCGGGCTC-1	1
CCTGTCCCTCACGTTA-1	7
CCTGTCGCCCGTAAAT-1	1
CCTGTGAAACCGTAAC-1	3
CCTGTGCATAGGAGAC-1	1
CCTGTGCGGATTGTAA-1	4
CCTGTTCAACCTCGGG-1	5
CCTGTTTGAAGACACG-1	2
CCTTAAGTACGCAATT-1	3
CCTTCAGTTAAAGTGA-1	3
CCTTCGTATAGAATCC-1	5
CCTTCTCAGCGTTCCT-1	3
CCTTCTTGATCCAGTG-1	1
CCTTGACCACTTTATT-1	2
CCTTTAAGGGAGCACT-1	3
CCTTTCAATGAAGAAA-1	0
CGAAACATAGATGGCA-1	0
CGAAACGCAATTCATG-1	6
CGAACAGTATGGGCGT-1	2
CGAACATAGTCAGAAA-1	1
CGAACCCGCATGCGTC-1	3
CGAACGCCCAGTGCCG-1	0
CGAACGGCCGGACAAC-1	3
CGAAGACGGTGAGTGC-1	3
CGAAGACTGCCCGGGA-1	0
CGAAGATCAGTTTCAT-1	3
CGAAGCTATAAATTCA-1	0
CGAAGTTGCTCTGTGT-1	1
CGAATCTGCTCGACGC-1	5
CGAATGACGCATAATG-1	3
CGAATTACATGGTGTT-1	1
CGACAATTTGATCTAA-1	2
CGACACCGCTTAAGGA-1	7
CGACACGCTCCGACAG-1	2
CGACACGGATGCCCAC-1	1
CGACAGTTCGCGTTAT-1	6
CGACATGCGATCTTCT-1	0
CGACCCTTAACGCCGG-1	3
CGACGCATCCGTACCT-1	5
CGACTCAGGATGTTAT-1	1
CGACTCGGTACACGGT-1	1
CGACTTTGTATAGCCT-1	0
CGAGACCCTAGAGTGT-1	2
CGAGACTACTGCTGCT-1	3
CGAGAGATGTGAACCT-1	1
CGAGAGCGCGTAGATA-1	2
CGAGAGCTTTCACTAC-1	2
CGAGAGGGTAGCCGCG-1	2
CGAGATGTTGCCTATA-1	0
CGAGATTTCGCTCGGG-1	2
CGAGCACTTCAAGTTT-1	4
CGAGCCGAGCACTCGA-1	5
CGAGCGTTGATCAGCC-1	4
CGAGCTGGGCTTTAGG-1	1
CGAGGAGCTTCCATAT-1	0
CGAGGATCGGGAACGA-1	0
CGAGGCCAGGCATTGG-1	1
CGAGGCTAAATATGGC-1	1
CGAGGGACTGCGGTCG-1	1
CGAGGGTATCCAGGTG-1	3
CGAGTACTAAAGAGGA-1	6
CGAGTGAAGGTACCAG-1	3
CGAGTGCTATAGTTCG-1	1
CGAGTTCTGTCCCACC-1	1
CGAGTTTATCGGACTG-1	1
CGATAACCAATTTGAG-1	7
CGATAATACTCAGGTT-1	2
CGATACCTCGCGGACA-1	6
CGATAGTCGTACTGCA-1	2
CGATATTAGCCGCAGG-1	1
CGATCATTAGAGGCAC-1	0
CGATCCACCATTGTTG-1	3
CGATCCGACCCAGTGC-1	6
CGATCCTCGCAACATA-1	5
CGATCGAGAAGCACCA-1	3
CGATCTGTTGGAGGAC-1	3
CGATGGACCCTACGCC-1	0
CGATTAAATATCTCCT-1	3
CGATTCGCCTGGCTGC-1	2
CGCAAACACGAGTTAC-1	2
CGCAATCGATCATTAG-1	5
CGCAATTACTTTCGGT-1	4
CGCAATTAGGGTAATA-1	1
CGCAATTCTACAATAA-1	6
CGCACATGTCCACTAC-1	1
CGCACGTCTGTTTATG-1	5
CGCACGTGCGCTATCA-1	7
CGCAGAAACATTTGCG-1	0
CGCAGATCTTCACCCG-1	0
CGCAGGCGATCCAAAC-1	7
CGCATCATGGCTTCAG-1	0
CGCATCCATCAGCCAG-1	0
CGCATGCCGAATGCGT-1	2
CGCATGGTGCGATGCT-1	3
CGCATTAGCTAATAGG-1	1
CGCCAAGAAGCCGAGT-1	3
CGCCACAGGTCGCGAT-1	5
CGCCACCCGCATTAAC-1	1
CGCCATCCGATTATGA-1	1
CGCCCAGCACGCCTAG-1	3
CGCCCAGCGTTTCACG-1	2
CGCCCGCTTCCGTACA-1	0
CGCCCTTACATCCACC-1	2
CGCCCTTGAAGGCTGA-1	4
CGCCGACTATTCGCTA-1	3
CGCCGCCCATGCCTGT-1	4
CGCCGCGTTCTGAACG-1	5
CGCCGGTGTCGCAGTA-1	1
CGCCGTTCAGCATAGT-1	2
CGCCTCCCTCCTCTAT-1	4
CGCCTGGCCTACGTAA-1	6
CGCCTTTAGCATGCTC-1	2
CGCGAAGTGGCATACT-1	2
CGCGACACTGCGCAGC-1	4
CGCGACCGCGACAGAT-1	2
CGCGAGAGGGACTTGT-1	0
CGCGAGTCTGCCGGGT-1	5
CGCGCAAATGTCCAGA-1	5
CGCGCAAGGAACTACA-1	1
CGCGCATGTTTGATTG-1	4
CGCGCCCGACTTAATA-1	1
CGCGGCAGTATTACGG-1	1
CGCGGCTCAACTTGAA-1	2
CGCGGGAATTAGGCAG-1	1
CGCGGGAATTCCTTTC-1	2
CGCGGTAAGTCTAGCT-1	0
CGCGGTACGGTATACA-1	2
CGCGGTCACAAACCAA-1	0
CGCGTACATTCTGGAA-1	7
CGCGTCATATTAAACC-1	0
CGCGTGCTATCAACGA-1	0
CGCGTTCATGAAATAC-1	1
CGCTACCGCCCTATGA-1	0
CGCTACGGGACATTTA-1	6
CGCTAGAGACCGCTGC-1	0
CGCTATACCGCCCACT-1	1
CGCTATCGTGGCTTTA-1	7
CGCTATTCAATGTATG-1	4
CGCTATTCTTAGGCTC-1	6
CGCTCGACATAATGAT-1	4
CGCTCTCCGTAGATTA-1	4
CGCTGAGGACGTCCAA-1	0
CGCTGGTGACTACCCT-1	4
CGCTGTGACGCCGCAC-1	4
CGCTGTGTGGATGTTG-1	5
CGCTTAGTATTGATAC-1	5
CGCTTATTCCCGGTCG-1	6
CGCTTCCACTGAAATC-1	4
CGCTTCGGTCTAAGAC-1	2
CGCTTGGACGGATAGA-1	2
CGCTTTCATACCGGTG-1	1
CGCTTTCCGCCAAGGT-1	5
CGCTTTCTTGCATTCG-1	1
CGGAAAGAATCAAACG-1	3
CGGAAAGCAAATGTGC-1	5
CGGAAATTTCACATCC-1	0
CGGAACGTAAACATAG-1	3
CGGACCTTTACGTCCC-1	5
CGGACGTTACTTGAAG-1	3
CGGAGCAATTTAATCG-1	3
CGGAGCATGGCGATCC-1	1
CGGAGCTTATAACACC-1	0
CGGAGTCCTAACCTGG-1	1
CGGAGTTTGAGAGACA-1	6
CGGATAAGCGGACATG-1	5
CGGATCCTCAAGGACT-1	2
CGGCAAACATCGTGCG-1	2
CGGCAATAAGATCGCC-1	2
CGGCACCGTTAGCGCC-1	0
CGGCACTCAAGAAAGT-1	1
CGGCAGGGTCGGGTTG-1	1
CGGCCACGCACAAAGT-1	1
CGGCCAGAGCGACCAT-1	5
CGGCCCAACCTGTAGT-1	0
CGGCCCAGGTATATCC-1	2
CGGCGCCATCAATCCC-1	2
CGGCTCTAAAGCTGCA-1	2
CGGCTCTTCGTCGAAC-1	0
CGGCTGAAGGTTACGC-1	7
CGGCTGCAAGATTAAG-1	0
CGGCTTTGTATGATAA-1	0
CGGGAATATAGTATAC-1	2
CGGGAATTTATGTAAA-1	2
CGGGAGCTTCAGTGTA-1	2
CGGGAGTATACCGCCG-1	5
CGGGATCAATGTAAGA-1	1
CGGGCAGCTAAACCGC-1	2
CGGGCCATAGCCGCAC-1	4
CGGGCCTTCTTTGTAA-1	6
CGGGCGATGGATCACG-1	2
CGGGCTACTTAAATTG-1	7
CGGGTGTACCCATTTA-1	1
CGGGTTCGGCACGTAT-1	0
CGGGTTGTAGCTTTGG-1	4
CGGGTTTGTTAGGGCT-1	2
CGGTACTAGAATCAAA-1	2
CGGTAGAGGTGCAGGT-1	0
CGGTATAGGTATTAGC-1	0
CGGTATGGGCACTCTG-1	3
CGGTCAAGTGGGAACC-1	1
CGGTCCATGAGACTCC-1	0
CGGTCCGTCGCAAGCC-1	3
CGGTCTATCAACCCGT-1	0
CGGTGAAGACTAAAGT-1	6
CGGTGCAGATAGAACG-1	6
CGGTGCGCGTTGGTCC-1	3
CGGTGGGCTCCAGCCT-1	0
CGGTGTACTTGATCCC-1	1
CGGTTATCCAACAGTG-1	1
CGGTTCAAGTAGGTGT-1	0
CGGTTCCGGCTTCTTG-1	1
CGGTTGACCTGGCATA-1	6
CGGTTGAGTATCCTTC-1	5
CGGTTGGGCAGGGTCC-1	3
CGGTTGGGTTCAAGTT-1	0
CGGTTTATGAAGGAAC-1	0
CGTAAACGCTTGAGTG-1	1
CGTAACGGAACGATCA-1	7
CGTAACTTCGACACTT-1	5
CGTAATAATTACGAGT-1	2
CGTACCGAAAGTCTAG-1	1
CGTACCTGATAGGCCT-1	1
CGTAGAGAGTAATTAT-1	2
CGTAGCGAATTGTCAG-1	0
CGTAGCGCCGACGTTG-1	0
CGTATTAAGAGATCTA-1	3
CGTCAAATGGTCGCAG-1	0
CGTCAAGGCTATAAAT-1	3
CGTCAATCTTTAACAT-1	4
CGTCACGTCCATTGGT-1	3
CGTCAGCTATTTACTC-1	4
CGTCAGTGCGCACAAG-1	1
CGTCAGTTTATCGTCT-1	0
CGTCATACCATATCCA-1	1
CGTCCAGATGGCTCCA-1	5
CGTCGCATGTGAGCCA-1	2
CGTCGCGGCGGGATTT-1	1
CGTCGCTTGGTTATAC-1	5
CGTCGGATAGTGTTGA-1	4
CGTCGGGTCTAAGCGC-1	5
CGTCGTCCTTCGCGAA-1	2
CGTCTCTCGCCGAGGC-1	1
CGTCTGGAAGGGCCCG-1	1
CGTCTTGAGTGTGACG-1	4
CGTGAAGTTAATTCAC-1	4
CGTGACATTGGGTCGT-1	0
CGTGACCAGTCCTCTG-1	3
CGTGCACACCACTGTA-1	3
CGTGCAGACTGGGACA-1	4
CGTGCATTGTCGACGC-1	6
CGTGCCCGACATTTGT-1	0
CGTGCCCTCCCGAAGA-1	4
CGTGCTGGCCTAGTCG-1	1
CGTGCTTCTACCTAAA-1	5
CGTGGCCGAATATCTA-1	4
CGTGGTACCCAAAGGC-1	5
CGTGTATGGGAGCTGA-1	4
CGTGTCCCATTCGCGA-1	4
CGTGTCTCGTTACGAC-1	5
CGTGTGTTAAACCCTG-1	0
CGTTAAACTAGTTAGG-1	2
CGTTAATGTCCCGACG-1	2
CGTTAGCTCACAACTG-1	0
CGTTCAAGGAAACGGA-1	5
CGTTCAGACCCGCGAA-1	3
CGTTCATGGTGCGCGT-1	3
CGTTCTTCGCACACCT-1	0
CGTTGAATACCGCGCT-1	2
CGTTGAGCGACCGTCG-1	4
CGTTGAGTAATTGCGT-1	0
CGTTGCCCGCGTGGGA-1	5
CGTTGTAAACGTCAGG-1	4
CGTTGTAAGATTGATT-1	0
CGTTGTCGGCAATTGA-1	2
CGTTGTTTCAATTCCC-1	6
CGTTTAAGCGGAGCAC-1	1
CGTTTACAAGGCAGCT-1	0
CGTTTCACTTCGGGCG-1	0
CGTTTCGCTCATTACA-1	6
CGTTTGTGTAGAGGGT-1	3
CTAAACGGGTGTAATC-1	0
CTAAAGAATGCCTACT-1	6
CTAAAGGGAAATAGGA-1	2
CTAAAGTCCGAAGCTA-1	1
CTAAATCCGGTGTACA-1	5
CTAAATCCTATTCCGG-1	1
CTAACCGCGCGCCCGT-1	6
CTAACGAAACTTGCTG-1	1
CTAACTGATAATCGCC-1	2
CTAACTGGTCCGGTTC-1	3
CTAAGGGAATGATTGG-1	3
CTAAGTACAGGGCTAC-1	0
CTAATTATGAAGCGTA-1	7
CTAATTCGCACGCGCT-1	2
CTAATTCTCAGATATT-1	0
CTAATTTCAACAACAC-1	1
CTACAAGAAATAACCC-1	3
CTACACTAGCTTGTTC-1	0
CTACACTCGCAGATGG-1	2
CTACCCTAAGGTCATA-1	1
CTACGAACTAGGTCGA-1	0
CTACGACTAGCTATAA-1	6
CTACGCACGGAGTACC-1	1
CTACGCCATTTCCGAT-1	0
CTACGTGTTGCCACCA-1	1
CTACTATCATAGGTTT-1	3
CTACTATCTTTCAGAG-1	1
CTACTCAAGGTATAGT-1	5
CTACTCTAGGCCCGGC-1	6
CTACTGCCACCTGACC-1	1
CTAGACATATATGTAG-1	0
CTAGACTGCATTTCGT-1	0
CTAGATAAACTCCTCG-1	1
CTAGATGTGAGTGTAA-1	1
CTAGATTTACGACGGC-1	4
CTAGCAACTAATTTAC-1	0
CTAGCATAGTATAATG-1	1
CTAGCCACAGGCGAGC-1	2
CTAGCCGATGTTATGA-1	0
CTAGCGCCAATCCTAC-1	7
CTAGGCGCCCTATCAG-1	2
CTAGGCGGCAGAGAAT-1	0
CTAGGGATAGGGACAA-1	5
CTAGGTCTGAAGGAAT-1	7
CTAGGTTCGGACGTGA-1	2
CTAGTAGAAAGGGATT-1	2
CTAGTATTCGGAATTA-1	0
CTAGTCACGTCTTAAG-1	1
CTAGTGAAGGACAGGA-1	4
CTAGTTACAACCCGGT-1	2
CTAGTTGGGCCCGGTA-1	1
CTATAAGAGCCAATCG-1	0
CTATAGGCGTTGATGT-1	5
CTATATCCAGCCTGGC-1	5
CTATCACAACGCTGGA-1	3
CTATCGACGAAATACA-1	2
CTATCGCGTAGAGAAC-1	4
CTATCGGGTCTCAACA-1	1
CTATGCCCGAATGCAA-1	3
CTATGGGAAGCGGAAT-1	2
CTATGTCACTAGCCCA-1	1
CTATGTCTATTGAAAC-1	0
CTATGTGAGTCACGGC-1	3
CTATTCATGTGTCCCA-1	2
CTATTGTGTTTGGTCA-1	0
CTATTTGCTTGGAGGA-1	5
CTATTTGGTTACGGAT-1	1
CTCAAACCACTGCCCG-1	5
CTCAACTAACCCGGAT-1	2
CTCAAGACATTAGCGC-1	0
CTCACACGCAAGCCTA-1	0
CTCACATTTACTAAAT-1	2
CTCACCAGTACAAGTG-1	3
CTCACCGATCCAAACT-1	1
CTCACTGTGATACTTA-1	2
CTCACTTGGCTGGTAA-1	6
CTCAGAGCTAATGTCG-1	3
CTCAGATTGTGATAAG-1	3
CTCAGCAGACTGCCGA-1	7
CTCAGGACTCACCTGT-1	4
CTCAGTCACGACAAAT-1	0
CTCATGGCTCACAATC-1	0
CTCATGGTAATTTGCG-1	3
CTCATTCGTGAACATC-1	4
CTCATTGCTCTAACAA-1	2
CTCATTTGATGGGCGG-1	1
CTCCCAATGAGTCGCG-1	2
CTCCCTCCTTTCGATC-1	3
CTCCGAGTAAATCCGC-1	7
CTCCGCCCACATGAGG-1	4
CTCCGGCCTAATATGC-1	1
CTCCGGCTTGTAGACA-1	4
CTCCTAAGTTATGTCT-1	1
CTCCTCCAGCTCACAC-1	3
CTCCTGTTCAAGGCAG-1	2
CTCCTTTACGCAAGTC-1	0
CTCGAATGGAACGTAT-1	0
CTCGAGATCCAAAGCA-1	1
CTCGAGGTCGAACAGT-1	1
CTCGATATTTGCGAGC-1	0
CTCGCACCTATATAGT-1	1
CTCGCCGAATGTAGGG-1	2
CTCGCTAGGTAAGCGA-1	3
CTCGGGCATCGTCGGG-1	0
CTCGGGTTCTCTGGCC-1	5
CTCGGTACCACTGCTC-1	4
CTCGGTCCGTAGCCTG-1	1
CTCGGTTGTCGGCCCT-1	5
CTCGTCTGTGCCTTCG-1	3
CTCGTTACGGCTACCA-1	5
CTCGTTTCTAATGTTT-1	0
CTCTAATGCATTGATC-1	0
CTCTACACTGGCGATT-1	4
CTCTACATCCTGCGTG-1	3
CTCTAGCCCTCGGAAA-1	2
CTCTATTTGGCTGCAG-1	3
CTCTCACAATCGATGA-1	1
CTCTCGATGTGCGCCT-1	0
CTCTCGCTGTACTATG-1	4
CTCTCTAACTGCCTAG-1	5
CTCTGCGAAGCAAGCA-1	1
CTCTGGACGCCTGGTG-1	1
CTCTGTCCATGCACCA-1	3
CTCTGTGCCTGCTATG-1	0
CTCTGTTTGAGGATTC-1	0
CTCTTCTATTGACTGG-1	2
CTCTTCTGGAAGTTAG-1	5
CTCTTGTCCCGCTTGG-1	4
CTGAAACGGCCCTCAG-1	7
CTGAAAGAGATCCGAC-1	1
CTGAATCCGAGACCTC-1	3
CTGAATTTATTGCCAG-1	0
CTGACTGCGCAGCTCG-1	1
CTGAGAAAGTTCGGCG-1	2
CTGAGCAAGTAACAAG-1	1
CTGATAGTGTATCTCA-1	4
CTGCAAATGGGCTCCA-1	0
CTGCAAGCACGTTCCG-1	2
CTGCACAACTACATAT-1	2
CTGCACCTAGTCCACA-1	0
CTGCACCTGGAACCGC-1	1
CTGCACTCCAGTACAG-1	2
CTGCAGAGAATCAGAG-1	2
CTGCCAAGGTTGGAAG-1	1
CTGCCATGCATCACAT-1	4
CTGCCCACGAAGCGTT-1	4
CTGCCTAGCCACCAAG-1	0
CTGCCTCATATGCAAC-1	0
CTGCCTTTAATACCTT-1	5
CTGCCTTTCTAGTAAA-1	2
CTGCGACCTCGCCGAA-1	5
CTGCGATTTCGAGATT-1	3
CTGCGGGTGAAATGTT-1	6
CTGCGGTAGTCACGTG-1	0
CTGCGTTACGATATAA-1	0
CTGCTCTGACGGCAAA-1	3
CTGCTGAGGCCACGAA-1	3
CTGCTTGGCGATAGCT-1	2
CTGCTTTATGTCCGCG-1	0
CTGGAAATGGATGCTT-1	1
CTGGAAGACACGGTGG-1	2
CTGGACGCAGTCCGGC-1	5
CTGGATTTACACTTGA-1	4
CTGGCATCCGAATGAG-1	4
CTGGCGACATAAGTCC-1	0
CTGGCGCACAGGTCTG-1	4
CTGGCGGGAATAAGTA-1	1
CTGGCTCCTGCGGGAT-1	1
CTGGCTGATTCATCCT-1	4
CTGGCTGCTAACGTAA-1	1
CTGGCTGGTTGTCAGT-1	3
CTGGGATAAATAATGG-1	1
CTGGGATACGCTACCC-1	2
CTGGGATCGCCCAGAT-1	0
CTGGGCACTAGTCGGA-1	1
CTGGGCCTGCTATATC-1	6
CTGGGCGGCCAAATGT-1	0
CTGGGCTATCCTTTGG-1	7
CTGGGTAGGCAGTTAA-1	4
CTGGTAAAGACTTACA-1	2
CTGGTAAAGTGTGGGC-1	2
CTGGTAACACATAGAA-1	2
CTGGTAACGAGCTCTT-1	4
CTGGTCATTCCAATCC-1	4
CTGGTCCTAACTTGGC-1	0
CTGGTTCAACGCATCA-1	1
CTGGTTTCGAGCAAGA-1	2
CTGTACTTCTTAGCAT-1	6
CTGTAGCCATCTCACT-1	3
CTGTAGTGAGGATCGA-1	5
CTGTATGGTGTAGAAA-1	1
CTGTCAAATGGCTCGG-1	1
CTGTCACGCCAGGCGC-1	0
CTGTGCAGGGTAGGTC-1	1
CTGTGGTCGGGAGATA-1	2
CTGTTACCCAATCTAG-1	4
CTGTTCACTGCCTGTG-1	1
CTGTTCATCTCACGGG-1	4
CTGTTGGCTCTTCTGA-1	5
CTTAAATAAGACCCAT-1	4
CTTAACTTCGAAGTAC-1	0
CTTACACGGTATTCCA-1	6
CTTACACTGGGAAATA-1	1
CTTACATAGATTTCTT-1	3
CTTAGATGTTTCATCC-1	3
CTTAGCCCGGATAGTG-1	3
CTTAGCCTTCCACATG-1	1
CTTAGTAGGCCTACAG-1	1
CTTAGTGTAGTAGCAT-1	2
CTTAGTTGAGGAATCG-1	5
CTTATGCGCTCAGGGC-1	3
CTTATGTTGACTACCA-1	1
CTTCAACTCCACTTGG-1	2
CTTCAGTGGTCGCCTA-1	5
CTTCAGTTGGACAACG-1	3
CTTCATAGCTCAAGAA-1	4
CTTCATCACCAGGGCT-1	3
CTTCATTGTCAGTGGA-1	6
CTTCCGCTCCGTGAAG-1	3
CTTCCTGCATATTTAC-1	4
CTTCGATTGCGCAAGC-1	2
CTTCGGCCAATTGTTT-1	2
CTTCGTAGATAGGTGA-1	6
CTTCGTGCCCGCATCG-1	0
CTTCTATGTTGAAGTA-1	3
CTTCTATTAATGCTAG-1	3
CTTCTGGGCGTACCTA-1	5
CTTCTTACGTCGTATA-1	1
CTTGACCCGAAAGATA-1	0
CTTGAGGTTATCCCGA-1	1
CTTGAGTTAGGGTAAT-1	2
CTTGATGACCATCCAG-1	2
CTTGCAACCGCCTCCT-1	4
CTTGCCCACCCACGCA-1	2
CTTGCCCAGGCTCTAC-1	3
CTTGGCCAAGCTGGGA-1	3
CTTGTACTTGTTGACT-1	1
CTTGTCAACATTCGAG-1	4
CTTGTCGTACGTGTCA-1	0
CTTGTGAGGACAGCGG-1	4
CTTGTGAGTCTTTGAC-1	1
CTTGTGCTCACCGATT-1	0
CTTGTTGCTGAGTCAA-1	1
CTTGTTTATGTAGCCA-1	4
CTTTAACTTTCAAAGG-1	1
CTTTAATATTGGTCGA-1	2
CTTTACCGAATAGTAG-1	2
CTTTAGGAACACTGTT-1	4
CTTTAGTGCTATTATT-1	4
CTTTCTGTGCGGGCTT-1	2
CTTTGAAACATATTCC-1	1
CTTTGCATCGCTCTTG-1	2
CTTTGGCAGACAGAGT-1	0
CTTTGGCGCTTTATAC-1	4
CTTTGGCTTTAGTAAA-1	6
CTTTGGGATTGTTGCA-1	5
GAAACAGATGACCACC-1	1
GAAACAGCCATGCAGT-1	1
GAAACATAGGAAACAG-1	5
GAAACCATGGTGCGCT-1	0
GAAACCGAATTACCTT-1	3
GAAACCTATACAAATG-1	3
GAAACTCGTGCGATGC-1	6
GAAACTCTAATGAAGG-1	0
GAAAGAACAGCGTTAT-1	7
GAAAGCAGTGCACTTT-1	3
GAAAGCCCTTTGGACC-1	3
GAAAGTGACTAACTGC-1	1
GAAATACCTGCTGGCT-1	0
GAAATACTAAACGTTT-1	6
GAAATATCACCATCAG-1	6
GAAATATGCTTGAATG-1	0
GAAATCGCGCGCAACT-1	1
GAAATCTGACCAAGTT-1	5
GAAATGGCGGTGTTAG-1	6
GAAATGGGATGTAAAC-1	1
GAAATTAGCACGGATA-1	0
GAAATTCACATCGCTG-1	1
GAAATTGTCTCTATAA-1	6
GAACAACTGGGATGAA-1	2
GAACACACATCAACCA-1	1
GAACAGATTACTAAAT-1	2
GAACATTAGTATGTTA-1	0
GAACCATCTGGGAGAC-1	0
GAACCCTCTGTGTTCT-1	2
GAACCTCGACCTACAC-1	3
GAACCTTTAACGATCC-1	2
GAACGACCGAATGATA-1	1
GAACGCGGGTCACACG-1	2
GAACGGTGTAAAGCAG-1	7
GAACGTCTCATGGTCG-1	1
GAACGTTAGGAAGACG-1	2
GAACTGTGGAGAGACA-1	5
GAACTTAGCGCCCGGT-1	0
GAACTTGTGCACGGGA-1	0
GAAGAAACGATATTGT-1	5
GAAGAACGGTGCAGGT-1	1
GAAGACTTCAATGCCG-1	0
GAAGCAAGGCAATGTT-1	0
GAAGCCACTGATTATG-1	2
GAAGCCGGGTAAGCTC-1	5
GAAGCCTGCACATTCC-1	3
GAAGCGTGAGGAATTT-1	6
GAAGCTCGGACCCGTC-1	5
GAAGCTCTTTGCTTAG-1	2
GAAGCTTGCTGACCGC-1	6
GAAGGACTAAATTGAA-1	7
GAAGGAGTCGAGTGCG-1	3
GAAGGCTACCATTGTT-1	0
GAAGGGCATAACCATG-1	1
GAAGGGTCATTAAGAC-1	3
GAAGTCAGTTGCACTA-1	4
GAAGTCTCCCTAGCGA-1	1
GAAGTGATTTATCGTG-1	6
GAAGTGCTGGATAGCT-1	1
GAAGTTTCCACTCAAT-1	6
GAATAGACGCGACCCA-1	1
GAATAGCATTTAGGGT-1	2
GAATAGCCCTGCGGTC-1	0
GAATAGTGCTCGATTA-1	5
GAATATTCGGAGTCCC-1	0
GAATCGACATGGTCAC-1	1
GAATCGCCGGACACGG-1	1
GAATCTATACTCGGAC-1	0
GAATCTGAACATTCTC-1	3
GAATGAAGGTCTTCAG-1	0
GAATGCCGAAATGACC-1	4
GAATGCGAATCGGTTC-1	2
GAATGGGCTTATCGAC-1	3
GAATGTATGGCAGGTC-1	0
GAATGTGGTCCGGATT-1	4
GAATGTTGGGTAATCT-1	1
GAATTATAGTGAAAGG-1	1
GAATTATGCAACCTAC-1	7
GAATTCACCCGGGTGT-1	3
GAATTTCTCGCTGCAG-1	6
GACAAACATATGCAGG-1	7
GACAACGACCATTGAA-1	1
GACAACGCAGCTTACG-1	1
GACAAGAGATGAGATT-1	2
GACACAAGGGAAGAAA-1	1
GACACAGCCGGGACTG-1	3
GACACGAGTTAGAGGA-1	4
GACACTGAGTTCAGTG-1	6
GACACTGGAACCCGAT-1	2
GACACTTCCAATTACC-1	2
GACAGATTTCTGGCTC-1	3
GACAGCCAGACCTGAC-1	4
GACAGGCACACACTAT-1	6
GACATACTGTCGCAGA-1	5
GACATCCGTCGAACTG-1	2
GACATCGATTTATAAC-1	3
GACCAAACGTTGACTG-1	2
GACCACACTTCCCTTT-1	3
GACCAGAGCCCTGTAG-1	6
GACCAGGTCATTCATA-1	0
GACCCAATTATGATAC-1	5
GACCCGTCGCCGGCTA-1	0
GACCGACGTGAAAGCA-1	7
GACCGACTGAAGCGTC-1	6
GACCGCGTCTGACGTG-1	2
GACCGTCAGGTCGTGA-1	0
GACCGTGCTGACGGTG-1	6
GACCGTTACATGCGAC-1	3
GACCTTCCACGTCTAC-1	2
GACGACGATCCGCGTT-1	2
GACGAGGCTAATAAAC-1	2
GACGCCGTAAAGGCTA-1	3
GACGCCTGTTGCAGGG-1	1
GACGCTTGCTTCTAAA-1	6
GACGGACCGCGTTCCT-1	0
GACGGGATGTCTTATG-1	0
GACGGGTTGGCCCGTA-1	3
GACGGTCAATAGAAGC-1	1
GACGGTCCTAGGGTGT-1	4
GACGTGAGACTCCATG-1	1
GACGTGTAGGGATTAT-1	4
GACGTTCGTAAATACA-1	0
GACTAACACAGCACCT-1	0
GACTAAGATCATGCAC-1	1
GACTAAGTAGGCTCAC-1	4
GACTACAAAGCGGTGG-1	3
GACTACAATTGCTCGT-1	0
GACTAGGCCGTTAGGT-1	2
GACTCACCCACGTGAG-1	7
GACTCCCAGAATAAGG-1	0
GACTCGCGGGAATGAC-1	1
GACTCGGTCGGCGGAT-1	0
GACTGATTGGTCACAA-1	0
GACTGCAAATCGAGCT-1	2
GACTGCACCAGCCCAG-1	2
GACTGCGGCACGTGTA-1	3
GACTGCTGGTGAGAAA-1	5
GACTGGGCGCCGCAAC-1	0
GACTTCAACGCATCAA-1	3
GAGAACGGTTCTGACT-1	2
GAGAATCTCACGATCA-1	4
GAGACCCTGCAACGCC-1	0
GAGACTGATGGGTAGA-1	1
GAGACTTCGCGACCGA-1	3
GAGAGCGCAGTCCCTG-1	4
GAGAGGCCTATGTGTA-1	2
GAGAGGGCGCGAGGTT-1	6
GAGAGGTGCATTCTGG-1	6
GAGATCTGCTTGGCAT-1	6
GAGATCTGTCACTCCG-1	1
GAGATCTTCCATGACA-1	4
GAGATGGCTTTAATCA-1	2
GAGATGGGAGTCGACA-1	2
GAGCACCTGTGTCCAG-1	2
GAGCATCAACAACTTG-1	5
GAGCATCATCCCTGGG-1	1
GAGCCACGGTAGTAGG-1	1
GAGCCAGCTACCTGTG-1	2
GAGCCGAGCGTTTATT-1	0
GAGCGAGGGAGTACCG-1	1
GAGCGCAAATACTCCG-1	2
GAGCGCGCACGAGTAG-1	2
GAGCGCTATGTCAGGC-1	0
GAGCGCTGTTAGGTAA-1	5
GAGCGGAATGCGGTGT-1	5
GAGCTAAGGGCATATC-1	1
GAGCTCAACATGAGCG-1	3
GAGCTCTCGGACCTAA-1	1
GAGCTGTCGTCTCGGA-1	0
GAGGAATATCTCTTTG-1	5
GAGGAATGGAGAGGTT-1	6
GAGGAGATCCTCATGC-1	4
GAGGAGTAATTCCTAC-1	0
GAGGATAAACAGTGCT-1	2
GAGGCATTTGCAGCAG-1	0
GAGGCCCGACTCCGCA-1	5
GAGGCCTGTTGATACA-1	2
GAGGCTATCAAAGTCG-1	6
GAGGGAGTCAGATCGC-1	5
GAGGGCATCGCGTATC-1	1
GAGGGCCATAATATTA-1	0
GAGGGCCGGCAGAGTC-1	7
GAGGGCGCAGCTCTGC-1	0
GAGGGTAGTAACAAAG-1	5
GAGGTACATCCATCTT-1	0
GAGGTACGCGTGTCCC-1	2
GAGGTCCCAAAGATCT-1	1
GAGGTCTTAGTGGGTC-1	4
GAGTAAACCGGAAAGT-1	2
GAGTAAGGCCACGGGA-1	3
GAGTACGGGTATACAA-1	1
GAGTAGATACTAGTTG-1	2
GAGTATACCCTAATCA-1	5
GAGTATGCCCGCCTTG-1	3
GAGTATGCGCGTGCAT-1	2
GAGTCAGACCAGAATC-1	3
GAGTCCGCTTACCGGA-1	4
GAGTCGACAGACCCTC-1	4
GAGTGCACGGACAACA-1	0
GAGTGTCAACCAGAAA-1	2
GAGTGTGCGGTACCCA-1	2
GAGTTGATGGCAATTT-1	5
GATAAATCGGTGGATG-1	1
GATAACTCGCACTGTG-1	2
GATAAGGCAGATGCAA-1	1
GATACGATGGGAGTCA-1	6
GATAGAACCCGCTAGG-1	5
GATAGCGTACCACGCG-1	5
GATAGGATTAATTACA-1	7
GATAGGTAACGTTGAC-1	4
GATAGTGCGAGTAAGT-1	5
GATATCAGTATGTATC-1	1
GATATCTCATGCAATA-1	0
GATATGAGACACTAAC-1	1
GATATGCGGTAGCCAA-1	0
GATATGGATTACGCGG-1	3
GATATTGAGATTGGCG-1	7
GATATTTCCTACATGG-1	0
GATCAACATAAAGGGA-1	5
GATCATTCCAAACATT-1	1
GATCCCTTTATACTGC-1	4
GATCCGGGAATTAACA-1	1
GATCCTAAATCGGGAC-1	1
GATCCTCGACACTGGC-1	3
GATCCTCTTGCGCTTA-1	0
GATCGACACTATCTGA-1	1
GATCGCGGGCTCTCCA-1	6
GATCGCTACCCGATTT-1	2
GATCGCTATATCTCAG-1	5
GATCGGATAGAACCAT-1	3
GATCGGCGATAAGTCG-1	5
GATCGGTGGCCATAAC-1	1
GATCGTGACTGATATC-1	1
GATCTCGACGCTGTGG-1	4
GATCTGCTATCTAAGG-1	3
GATCTTAGTGAACGTG-1	1
GATCTTCATTGTCCTC-1	5
GATCTTGGAGGGCATA-1	1
GATCTTTGCAGGGTAT-1	1
GATCTTTGCTCAAAGA-1	0
GATGACAAGTAGGGCA-1	3
GATGACGATGATCGCG-1	0
GATGAGGAACCTTCGG-1	2
GATGATTTGAAACTGG-1	0
GATGCCACACTACAGC-1	0
GATGCCAGCAGAAGGC-1	4
GATGCGAATGGTATTA-1	4
GATGCGTCCTGCATTC-1	6
GATGCTACAAGCGCCT-1	1
GATGCTACCTTCGATG-1	5
GATGCTGTATTTCATC-1	4
GATGGCGCACACATTA-1	1
GATGGTGAAATAACCC-1	7
GATGGTGCCCTAGGCA-1	0
GATGTAACGAACCACC-1	3
GATGTCCGGATCACAT-1	1
GATGTCGGTCAACTGC-1	0
GATGTGTTGTCACAAG-1	0
GATGTTCAATCCACGA-1	6
GATGTTTGTGCGAGAT-1	1
GATTAACCGAAAGCCC-1	2
GATTAATCCTGGCTCA-1	4
GATTACTGAATTTGGG-1	4
GATTATCTTGCATTAT-1	3
GATTCCCTTGTCGCAG-1	1
GATTCCGCGTTTCCGT-1	0
GATTCCTATACGGCGC-1	4
GATTCGACGGTTCACG-1	1
GATTCTGTTAATGAGT-1	3
GATTGACACTCTGCTC-1	0
GATTGCTCCAGTTGCA-1	5
GATTGGGAAAGGTTGT-1	2
GATTTAGTGCGTACTG-1	0
GCAAACCCTACATTAT-1	2
GCAAACCTTGGCCATA-1	2
GCAAACGTCGCCAGGT-1	2
GCAAATATTACGCTTT-1	6
GCAAATGAGGACACTT-1	3
GCAACACACTAGAACT-1	3
GCAACAGCAGTATGCG-1	2
GCAACCACCAGACCGG-1	0
GCAACCACGGCCGCGT-1	6
GCAACCCAAGTTGTTT-1	3
GCAACGGCTAGTTATG-1	2
GCAAGAATTCCTTGGC-1	6
GCAAGATGTGTTCGCG-1	0
GCAAGTGCACAGAGAA-1	1
GCAAGTGTAAAGCATG-1	5
GCACAAACGAGGCGTG-1	2
GCACAAGTGGATCATA-1	4
GCACAAGTGTCGGAAG-1	0
GCACACACTGGTAGCC-1	2
GCACACAGCTATTACC-1	5
GCACACGCCCATGGTC-1	2
GCACAGCACGGGCCGA-1	5
GCACCTAGGCGAGTCC-1	2
GCACGCCGATTCCCGC-1	3
GCACGCCTACTTAGAT-1	3
GCACGTGGTTTACTTA-1	2
GCACTAGTCGCGCTAT-1	1
GCACTCCCACAGTCCC-1	0
GCACTGCCTACCTTTA-1	2
GCACTGTGCAAATGTA-1	1
GCAGAAACGTAATCCA-1	7
GCAGACCCAGCACGTA-1	7
GCAGATCCATAAGACT-1	2
GCAGATCCTCGCAAAT-1	4
GCAGATTAGGGATATC-1	6
GCAGCACACAGCCCAG-1	6
GCAGCCTATATCACAT-1	7
GCAGCGGTGGGCATTA-1	1
GCAGCTATGGACAGGT-1	0
GCAGCTGTCAACGCAT-1	3
GCAGGAACTTAGATCT-1	5
GCAGGACTATAGAATA-1	1
GCAGGTAGAGTATGGT-1	0
GCAGTGTGGCTATAGG-1	2
GCAGTTCGATCCGAGC-1	2
GCATAAATTGAACGCC-1	7
GCATACGAGGTCTTTA-1	3
GCATAGAGCACTCAGG-1	6
GCATCCCTAACTTTGA-1	1
GCATCGGCCGTGTAGG-1	4
GCATGAGGGACGCGGC-1	1
GCATGCTAATAACGAT-1	2
GCATGGGTACTGACGC-1	3
GCATTCAAGGCAACGC-1	0
GCATTCGAAATGAACA-1	3
GCATTGTAATTCATAT-1	6
GCATTTCCAAGGCTCC-1	0
GCCAACCATTTCCGGA-1	0
GCCAAGAATACTTCTG-1	3
GCCAATAGGGCATCTC-1	0
GCCACAATTTAAGGAC-1	3
GCCACTCAGAGCGCGA-1	2
GCCACTCCTTACGGTA-1	2
GCCAGGAAAGAACACT-1	5
GCCAGGAGTAACCGAT-1	0
GCCAGGCGTTCGCATG-1	0
GCCATATTGCACACAG-1	0
GCCATCGAGCTGCGTG-1	3
GCCATCGATGCTGCAT-1	1
GCCCACCAAGGCTGTC-1	4
GCCCACTGGTCCACAA-1	7
GCCCAGTTGGTATGCC-1	4
GCCCATGGGTGCAATG-1	1
GCCCGACTTCTTCCCG-1	3
GCCCGATCTGTGGTCG-1	4
GCCCGCGCGTAAACGG-1	3
GCCCGCGCGTTTGACA-1	1
GCCCGTAATACCTTCT-1	1
GCCCTAAGTGCAGGAT-1	3
GCCCTAGCCGTCGCGA-1	5
GCCCTGAGGATGGGCT-1	2
GCCGAAATTCCTACGT-1	6
GCCGACCCACGACTGC-1	5
GCCGATTGGCCAAGCT-1	6
GCCGCATTAGTCCGGC-1	3
GCCGCTAGATACGCAG-1	1
GCCGCTTGTGAGAAAC-1	6
GCCGGAAACACATCTT-1	0
GCCGGGTTAGGGTCGC-1	6
GCCGGTCGTATCTCTC-1	5
GCCGGTTTGGGCGGAT-1	0
GCCGTCGGTTTCGGGC-1	5
GCCGTGGAAGAAATGT-1	2
GCCTACGTTCTGTGCA-1	2
GCCTAGCGATCTGACC-1	4
GCCTATAGTGTCAGGG-1	4
GCCTATGCTGGGCCTT-1	0
GCCTATTCCGATATAG-1	1
GCCTATTTGCTACACA-1	0
GCCTCATCTGGAAATA-1	1
GCCTCCGACAATTCAC-1	2
GCCTCTATACATAGCA-1	2
GCCTGCTACACTGAGA-1	0
GCCTGTCCCGGTGCAT-1	3
GCCTTCAGCCCTACCG-1	4
GCCTTGTATATGCAGT-1	1
GCGAAACGATCGGGAG-1	2
GCGAAACTTAACTGGA-1	2
GCGAAGAATCTGACGG-1	2
GCGAAGCCATACCCGT-1	1
GCGAATGGACTAGCGA-1	3
GCGACATGTAAACATC-1	7
GCGACCCAACCATCTG-1	5
GCGACGATAGTTGTAC-1	3
GCGACGGTAGTCTCCT-1	3
GCGAGAAACGGGAGTT-1	1
GCGAGAGGCCATGTAA-1	0
GCGAGAGTTGCGTCCA-1	0
GCGAGCGCATGCTCCC-1	7
GCGAGGCCCGAGCAGA-1	6
GCGAGTTCTGCAAAGA-1	1
GCGATGTCTGTGCTTG-1	5
GCGATTCTGGAAGCAG-1	0
GCGATTGTTAACGTTA-1	1
GCGCAAATATATTCAA-1	5
GCGCAAGAGCGCGCTG-1	7
GCGCATCCAGTCAGCA-1	1
GCGCCGTTCCACGATA-1	3
GCGCCTCCCACTCCGA-1	4
GCGCGATGGGTCAAGT-1	0
GCGCGGTCTAGTAACT-1	5
GCGCGTCATTGGTACA-1	2
GCGCTAAGTATGCATG-1	0
GCGCTAATTGAATAGA-1	1
GCGCTATGCCGAGGCA-1	6
GCGCTGATCCAGACTC-1	0
GCGCTGCTTTGCATTT-1	1
GCGCTTAAATAATTGG-1	2
GCGGACCGCGTTGTGG-1	3
GCGGAGAAACTTCGCA-1	3
GCGGAGAGGGAGAACG-1	2
GCGGCAAAGTATTGCC-1	5
GCGGCTCTGACGTACC-1	4
GCGGCTTTAGCAAGTT-1	2
GCGGGAACCAGGCCCT-1	1
GCGGGCAGACGGGTGA-1	3
GCGGGCATTACGATGC-1	0
GCGGGCGAGCCTTACC-1	3
GCGGTAACCCAAATGA-1	1
GCGGTCCCGGTGAAGG-1	0
GCGGTCCCTAGACGCA-1	1
GCGGTCTTGCTTTCAC-1	3
GCGGTGAACTGCGCTC-1	0
GCGGTGCGGAGCATCG-1	5
GCGGTTCCCTATCATG-1	4
GCGTAAATGGCCATAA-1	1
GCGTCCAGCTCGTGGC-1	0
GCGTCCCTAAGACATA-1	5
GCGTCGAAATGTCGGT-1	1
GCGTCGCCAGGGTGAT-1	3
GCGTCGTAACATGGTC-1	5
GCGTCTCTGCATTGGG-1	4
GCGTGGTACTGGGTTA-1	1
GCGTGTATGTCGTATT-1	0
GCGTTATATTTGGAAC-1	2
GCGTTCGGAGACCGGG-1	0
GCTAAACCTGAGGTGA-1	4
GCTAACTGAAGTCTGA-1	2
GCTAAGTAAAGGCGAT-1	3
GCTAAGTAGTTTCTCT-1	4
GCTAATACCGAATGCC-1	1
GCTACAATCGAGGATA-1	2
GCTACACTGTCCGAAC-1	4
GCTACAGTACGGACCG-1	3
GCTACGACTTATTGGG-1	1
GCTACTATAGTAGAGT-1	2
GCTAGACCGTCTACTG-1	4
GCTAGAGTAGAGATGT-1	2
GCTAGCAGGGAGTGGG-1	0
GCTAGCTTGAATAGCT-1	3
GCTAGGCACCACGGAG-1	2
GCTAGTAGAGCTTGTA-1	1
GCTAGTTTCATTGAGG-1	4
GCTATACGTCTCGGAC-1	2
GCTATCATACTCATGG-1	5
GCTATCGCGGCGCAAC-1	6
GCTATGCCAGCTTATG-1	5
GCTCAACCTCTTAGAG-1	5
GCTCAATCCGTTTATT-1	3
GCTCAATGTAATACCG-1	3
GCTCATTACTGCATGT-1	0
GCTCCATGCAAAGCAA-1	5
GCTCCCAGTCGGTCCA-1	2
GCTCCGCTCGCTTCAG-1	2
GCTCCGGACGTTGATA-1	1
GCTCCTGACATACTGG-1	3
GCTCGACCGAACTGAA-1	7
GCTCGCGGTTCCGCTC-1	4
GCTCGCTCATGTCCAA-1	2
GCTCGGAATTTAAAGC-1	1
GCTCTAAACCCTGACG-1	1
GCTCTATGTTACGTGC-1	4
GCTCTCGGGTACCGAA-1	1
GCTCTTTCCGCTAGTG-1	3
GCTGAACTCTCCAGGG-1	2
GCTGAATCTTCCAATC-1	5
GCTGAGCAACGGTTCT-1	5
GCTGAGGCGTGAGTAT-1	4
GCTGCACGGTTTCTTA-1	4
GCTGCGCCTCCCACGT-1	5
GCTGCTAAGTAGTCGA-1	4
GCTGCTACTGCGTAGC-1	2
GCTGCTCTCCGGACAC-1	1
GCTGGACCCAAAGTGG-1	0
GCTGGCAGGTGCCGTG-1	5
GCTGGCATATTCACCT-1	6
GCTGGCGGCGCATGCT-1	3
GCTGGGTCCGCTGTTA-1	1
GCTGGTGACTCGTAGT-1	0
GCTGTATTACTGGCCC-1	3
GCTGTCTGTGATCGAC-1	4
GCTGTTGCTACCGAAC-1	2
GCTTAATGTAACTAAC-1	2
GCTTACGTAGTTAGTA-1	7
GCTTAGGGAAGCGGTA-1	0
GCTTATGAAGCAGGAA-1	1
GCTTCAGTGGGATTAC-1	1
GCTTCCAGCTTAGATT-1	4
GCTTCCATGTAACCGC-1	4
GCTTCCCGTAAGCTCC-1	4
GCTTCCGTCCCTAGAC-1	1
GCTTGATGATAATCAG-1	4
GCTTGCAGCACAATTG-1	0
GCTTGGATCGATTAGG-1	1
GCTTTCAGAGGAGGTG-1	1
GCTTTCTATCTCAACT-1	1
GCTTTGCTGCCGGGTA-1	7
GGAAACCTTGTTGAAT-1	0
GGAAACTAAATGGGCC-1	2
GGAAAGGGAATTGAGC-1	3
GGAAAGTGCCCATGCC-1	0
GGAACCCGAACAAGAA-1	4
GGAACCGTGTAAATTG-1	3
GGAACCTTGACTCTGC-1	5
GGAACGGCCTGCAGCC-1	4
GGAACTTTGGCGATTA-1	2
GGAAGATAAGACTGTA-1	1
GGAAGCTCGCTTACAG-1	0
GGAAGGACACCGTATA-1	3
GGAATAACCTCAAGAA-1	0
GGAATGCGCTAGCGTG-1	1
GGACAACCATGAAGCC-1	2
GGACAAGTTGCAGTGA-1	3
GGACACAAGTTTACAC-1	2
GGACACCTCGGTGTTG-1	3
GGACCAACAGGATAAC-1	2
GGACCTACGGTAACGT-1	0
GGACCTCTAGGCCGCC-1	5
GGACGGCTTGCGCAAC-1	0
GGACGGGCGACCAACC-1	2
GGACGTCCATAGTTGG-1	0
GGACTAAGTCAGGAGT-1	5
GGACTCGACAGCGCAT-1	5
GGACTCGTGAGTGGTC-1	5
GGACTCTTTGACTAAG-1	3
GGAGAAGTCATTGGCA-1	1
GGAGACCAATGTGCTT-1	0
GGAGACGACACCTTTG-1	3
GGAGCAACATTTCAAG-1	2
GGAGCACCAAGAACTA-1	1
GGAGCGAGGCCTACTT-1	2
GGAGGATTGAAAGGAG-1	0
GGAGGCCGAAGTCGTC-1	2
GGAGGCGAAGAACCGC-1	1
GGAGGGCTTGGTTGGC-1	1
GGAGGGTCAAGTAAGA-1	2
GGAGTACACATGAGCT-1	2
GGAGTGCCGCCCTGGA-1	1
GGAGTTGATTCTGTGT-1	2
GGATACTCATGAATTG-1	1
GGATCAAAGGACGAGG-1	0
GGATCAGAGCCATCAG-1	5
GGATCATCCCGTACGC-1	0
GGATCCCTACCAGCTA-1	4
GGATCCGGAATATACT-1	1
GGATCTTACTGCCCTT-1	5
GGATCTTGACTCAACC-1	3
GGATGAAGATCGCTGA-1	1
GGATGACGCGAGTTTA-1	6
GGATGCTGGCGTTCCT-1	3
GGATGGCTTGAAGTAT-1	2
GGATGTCCTTACCGCA-1	1
GGATTAAGCTAAGGTC-1	0
GGATTAATCATGGACC-1	3
GGATTCAGTACGGTGG-1	1
GGATTCCGCTATACCC-1	0
GGATTGCTGTGACTCC-1	2
GGATTTCACTTCTATA-1	1
GGCAAAGGCGCCAATA-1	3
GGCAAATTACTTTACT-1	6
GGCAAGCCAGGGATAG-1	0
GGCAAGCCCATAGTGG-1	5
GGCAAGGCGAAATAGC-1	6
GGCAATAGTCAATGAG-1	1
GGCACTCCACTGGGCA-1	6
GGCACTGCGGTGGTTT-1	3
GGCAGAGAGATCGGGA-1	3
GGCAGCAAACCTATGC-1	2
GGCAGCGGTAATCCTA-1	0
GGCATACAGGTAGCGG-1	6
GGCATATCGGTTCTGC-1	0
GGCATCAACGAGCACG-1	0
GGCATTGAACATCTCA-1	3
GGCCAATTGTATAGAC-1	3
GGCCACAAGCGATGGC-1	0
GGCCACACGAAAGCCT-1	5
GGCCCAATCTAGAGGG-1	1
GGCCCAGCTGGTTTGC-1	2
GGCCCAGTTATCAGCA-1	0
GGCCCGGAGCATGTCT-1	0
GGCCCGTATACCATGC-1	0
GGCCCTCACCCACTTA-1	6
GGCCGAGACTCTGGTG-1	5
GGCCGCAGGAACCGCA-1	2
GGCCGGCGTCTGCTAT-1	2
GGCCGTTTGGGTTTCA-1	3
GGCCTGCTCTGATGTT-1	3
GGCCTGCTTCTCCCGA-1	2
GGCCTTTGCAACTGGC-1	3
GGCGAAATCTAACTTG-1	2
GGCGAACCGTTCTGAT-1	0
GGCGAGCATCGAGGAC-1	0
GGCGCAGGACATCTTC-1	6
GGCGCATGAATTGATG-1	6
GGCGCGGAGATCTTTC-1	2
GGCGCGTTCGAGTTTA-1	2
GGCGCTCCTCATCAAT-1	6
GGCGCTTCATTCCCTG-1	2
GGCGGAGTAATATTAG-1	6
GGCGGTAGGATCATTG-1	1
GGCGGTTTGCCGGTGC-1	4
GGCGTACCCTATATAA-1	0
GGCGTAGGGAAAGCTG-1	2
GGCGTCCTATCCGCTG-1	6
GGCTAAAGGGCGGGTC-1	0
GGCTAATGATTGAAAT-1	0
GGCTACTATACACTCC-1	5
GGCTATTAAGTTGTAT-1	6
GGCTCCTCCACCTGTT-1	5
GGCTCGCGTTGAGGTA-1	1
GGCTCGTGCCACCAGC-1	4
GGCTCTGCTCCAACGC-1	1
GGCTGAAATAGCAAAG-1	2
GGCTGAGCATCGTAAG-1	0
GGCTGGCAATCCCACG-1	3
GGCTGGCTAGCTTAAA-1	1
GGCTTCTCGTGGGTGG-1	3
GGCTTGGCTCTCACCT-1	4
GGCTTTCAATAAGGGT-1	2
GGGAACCACCTGTTTC-1	0
GGGAACGGGAGGTTAG-1	6
GGGAACGGTTTCAGAT-1	5
GGGAAGACGGTCTGTC-1	2
GGGAAGGGCTTTCTCA-1	2
GGGAATGAGCCCTCAC-1	0
GGGAATTCTGTCCAGT-1	4
GGGACAGAGTTACTCC-1	5
GGGACCCGTATATCTT-1	3
GGGACTGCATAGATAG-1	2
GGGAGAACTCACAGTA-1	1
GGGAGCGACCGTAGTG-1	2
GGGAGGATGCCCGAAA-1	6
GGGAGTAATGGCTGGC-1	1
GGGAGTTAATGAGGCG-1	4
GGGATACGGTAATAAT-1	5
GGGATCCCAATACAAA-1	0
GGGATGGTCGTAACCG-1	3
GGGATTTACCGCACCT-1	2
GGGCAACCGCACGTGC-1	5
GGGCACGAATTGGCCG-1	4
GGGCACGTAGTACTGT-1	5
GGGCAGAGCAATCGTT-1	4
GGGCAGTCAACGCCAA-1	2
GGGCATGCATGTCGAG-1	5
GGGCCCGTCTTAAACA-1	6
GGGCCCTACGAAAGGG-1	3
GGGCCCTTATCTATAC-1	3
GGGCCGGCCGAAGTAC-1	1
GGGCCTAAATGGGCTA-1	3
GGGCCTATACAACCGG-1	7
GGGCCTATTTAAGTAT-1	0
GGGCGAATTTCTCCAC-1	5
GGGCGATATGTGTGAA-1	1
GGGCGCAGCGTTACTC-1	0
GGGCGGCAAATGAATT-1	3
GGGCGGGTTCCCTACG-1	6
GGGCGGTCCTATTGTC-1	1
GGGCGTACATTTATAT-1	1
GGGCGTCACCACGTAA-1	3
GGGCGTCCACTGGCTC-1	0
GGGCGTGGTTTCCCAG-1	2
GGGCTATGATCGATGG-1	3
GGGCTCATCGAACCCA-1	1
GGGCTGCCTAGGGCGA-1	1
GGGCTGGTTAGTCGCG-1	6
GGGTAATGCTGTGTTT-1	1
GGGTACCCACGGTCCT-1	1
GGGTACTTCATGAACT-1	6
GGGTATGTATGCACTT-1	6
GGGTATTCTAGCAAAC-1	5
GGGTCACCGTGACGGT-1	6
GGGTCACGTGCTTATG-1	1
GGGTCACTGAGTAGTG-1	7
GGGTCAGGAGCTAGAT-1	3
GGGTCATGCGTACCAT-1	4
GGGTCGTGGCAAGTGT-1	0
GGGTCTATCGCTTTCC-1	2
GGGTGACACCTTAACT-1	3
GGGTGCATATGAAAGC-1	1
GGGTGGTCCAGCCTGT-1	0
GGGTGTTTCAGCTATG-1	1
GGGTTAACATTTGAGT-1	3
GGGTTCAGACGAACAA-1	4
GGGTTTAGGATAGGAT-1	2
GGGTTTCCGGCTTCCA-1	5
GGTAAACTCTGCGCTG-1	2
GGTAAATGTGCGTTAC-1	0
GGTAACCGGGAGGATA-1	5
GGTAACTATGTATCTG-1	1
GGTACAAACATGCTAT-1	6
GGTACACCAGATTTAT-1	0
GGTACATCTGGGACGA-1	4
GGTACCATTAAGACGG-1	1
GGTACGTTGCGGCCGG-1	2
GGTAGAAGACCGCCTG-1	2
GGTAGACCGTTGGGCG-1	3
GGTAGTGCTCGCACCA-1	1
GGTATAGTGACACATA-1	7
GGTATGAAAGAACTGA-1	3
GGTATTGCCGAGTTTA-1	6
GGTCAAGACTACTTCG-1	2
GGTCACGTTAGATTCA-1	1
GGTCAGTGGGTCCCAC-1	2
GGTCATTGTAGTCATA-1	0
GGTCCCATAACATAGA-1	7
GGTCCTTCATACGACT-1	4
GGTCGGATAAACGGCG-1	0
GGTCGGCCAGGAGCTT-1	1
GGTCGGTAATTAGACA-1	1
GGTCGGTCGTCCACAG-1	3
GGTCGTAAGCTCGCAC-1	3
GGTCTCCGTCCAGGTT-1	2
GGTCTCTGAATGGACT-1	3
GGTCTGAGAATCTGGA-1	1
GGTCTTGAGCGCTCTT-1	3
GGTGAAACCGGGAATG-1	0
GGTGAACGGGCTAGCC-1	1
GGTGAAGTACAGGGAT-1	3
GGTGAGATGCAGATAA-1	1
GGTGATAAGGAGCAGT-1	1
GGTGATGAAGGAAGTG-1	3
GGTGATTTCATCTTGT-1	1
GGTGCAGAGCCTATCG-1	0
GGTGCATAAATGATTA-1	5
GGTGCGGATAAGTGGC-1	1
GGTGCTGATCACAAAG-1	6
GGTGCTGGTACACATT-1	4
GGTGGACCACGTGTTA-1	0
GGTGGACTGCTCTGGC-1	2
GGTGTAAATCGATTGT-1	5
GGTGTAGGTAAGTAAA-1	5
GGTGTTCTGTTTCTAC-1	0
GGTTACCACCCTCGGG-1	6
GGTTAGCTATATGTCT-1	2
GGTTAGGCTTGGAGAA-1	6
GGTTAGTTACGGCGCC-1	6
GGTTCCACCCGCTTCT-1	0
GGTTCCCTAGTGTCTC-1	7
GGTTCGATGCTGAGTT-1	1
GGTTCGGATTATACTA-1	3
GGTTCTACTCGTCTGA-1	7
GGTTGTATCGTGAAAT-1	0
GGTTGTGCTCTTGTCC-1	4
GGTTGTGTAGCCTGGC-1	3
GGTTTAATTACCATCG-1	5
GGTTTAATTGAGCAGG-1	0
GGTTTACAATCTCAAT-1	1
GGTTTAGCCTTTCTTG-1	2
GGTTTCAATCGGTCAG-1	1
GGTTTGACAAGAAGCT-1	0
GGTTTGAGTGCTGGAA-1	1
GGTTTGCGAACACGTA-1	0
GGTTTGTGACCTGAGG-1	2
GTAACAACTGACCTTG-1	7
GTAACATCAGCTCATC-1	7
GTAACATCTAAGATAA-1	2
GTAACTGCCCAAGGAG-1	5
GTAACTTGCGGCAGTC-1	1
GTAAGCGGGCAGTCAG-1	1
GTAAGGATTTGTCGGA-1	0
GTAAGTAACAGTCTGG-1	4
GTAAGTAGGGTATACC-1	2
GTAAGTCCACACTCTA-1	2
GTAATAAAGGGCTCCC-1	1
GTAATCTGATTCTTCG-1	4
GTACACTTACCTGAAG-1	1
GTACAGAGGCAAGGGT-1	1
GTACGACGGCGCTGCG-1	1
GTACGAGATTGCGACA-1	4
GTACGCTTCATTGCAC-1	3
GTACGTCACGTATTAA-1	0
GTACGTTTGCCCGTCA-1	3
GTACTAAGATTTGGAG-1	4
GTACTACGGCCTCGTT-1	3
GTACTCCCTTATCGCT-1	6
GTACTCCTGGGTATGC-1	0
GTACTGAGGTCGTAAC-1	1
GTACTGCATGAAGCGT-1	1
GTACTGGAGTTAGACC-1	1
GTACTTGGGCACTTCT-1	4
GTAGAAACGGGTGGAG-1	4
GTAGACAACCGATGAA-1	0
GTAGACACGCCTGACT-1	2
GTAGACGTCGTTACAT-1	1
GTAGAGGGAGACAAGT-1	3
GTAGCCAAACATGGGA-1	2
GTAGCGCTGTTGTAGT-1	0
GTAGCGGCTATACACT-1	1
GTAGCTAGTAAGCGCG-1	0
GTAGCTCCGGGAGGCT-1	5
GTAGCTTCCTCTTGTT-1	4
GTAGGTGATCCGTGTA-1	0
GTAGTCGCGGGAATCA-1	2
GTAGTCTACGATATTG-1	2
GTAGTGAGCAACCTCA-1	2
GTAGTTAGACAATATA-1	7
GTAGTTCGAAGGCGAA-1	5
GTATAATCTCCCGGAT-1	1
GTATAGGACTCAGTAG-1	1
GTATAGTGGCCCATGT-1	0
GTATATGTTACGGCGG-1	1
GTATCAAACGTTAGCT-1	2
GTATCAAGGTACTTCC-1	3
GTATCAGCTTGGGTTC-1	4
GTATCCTTTGGTAACC-1	2
GTATCGGGACGAGCTG-1	1
GTATCTCAGTCTTGAC-1	5
GTATCTCCCTAACTGT-1	0
GTATCTTGTTGCTCAC-1	0
GTATCTTTCATAACCA-1	2
GTATGAAATTTCACTC-1	3
GTATGACGTGGGAAAC-1	1
GTATGTGGGTCTAGTT-1	1
GTATTAAGGCGTCTAA-1	1
GTATTAGGGTTCGCGT-1	0
GTATTCTGAGAAACGA-1	3
GTATTCTTACCGTGCT-1	1
GTCAAAGAAGTGGTGT-1	5
GTCAAAGTTTACATAG-1	1
GTCAACCAGGCCTATA-1	2
GTCAAGCGGACTCGGG-1	4
GTCAATGCTATAATTT-1	0
GTCAATTGTACTGAAG-1	0
GTCACAAAGTTTCCAA-1	0
GTCACCTGTCTATGTC-1	1
GTCACTCTCCAAATCT-1	4
GTCAGAATAGTCTATG-1	6
GTCAGTTGTGCTCGTT-1	0
GTCAGTTTGGTAGTCG-1	4
GTCATCTCCTACAGCT-1	4
GTCATGCACCTCCGTT-1	4
GTCATGCGCGAGGGCT-1	2
GTCATGGACATGACTA-1	1
GTCATTAGAGCGAACG-1	1
GTCATTGCATTGACCC-1	4
GTCCAATATTTAGCCT-1	5
GTCCACGTCGCATTCG-1	2
GTCCAGGCACGTGTGC-1	5
GTCCATTACTGCTACG-1	4
GTCCCAACGTAAAGTA-1	4
GTCCCAATCATCCCGC-1	4
GTCCCGCGACGTTATG-1	2
GTCCGAGAGCAATCAT-1	3
GTCCGGACCTGAAATT-1	2
GTCCGGCTGAATTGCG-1	4
GTCCGGGTTCACATTA-1	2
GTCCGTTAGAGGGCCT-1	3
GTCCTACAGGCGGCTC-1	4
GTCCTACGAATAGTCT-1	2
GTCCTATTGTTGTGGT-1	4
GTCCTTCTACAACCCA-1	4
GTCCTTCTAGTGGGTT-1	0
GTCCTTTAATGACTTC-1	0
GTCGCCGTTGTGTGTT-1	3
GTCGCGTAACCCGTTG-1	4
GTCGGAAGGATACCAG-1	0
GTCGGATATCTCAGAC-1	6
GTCGGATGTAGCGCGC-1	0
GTCGGGAACATGGTAG-1	3
GTCGGGAAGCAGAAAC-1	2
GTCGTACCATCTCGGG-1	2
GTCGTACCTACGATTG-1	4
GTCGTATTGGCGTACA-1	0
GTCGTCAATTATAAGG-1	1
GTCGTGTCTGGTCATC-1	0
GTCGTTATTCGCTTAT-1	4
GTCTAAGATGCCCAGC-1	1
GTCTACTCAATTACAA-1	3
GTCTAGTGAGCCGCTT-1	2
GTCTATCTGAGTTTCT-1	4
GTCTATTGCATGCTCG-1	2
GTCTATTGGTTCCGGT-1	2
GTCTCAAGGCCCGGCT-1	2
GTCTCCGCCTCAATAC-1	5
GTCTCGACTAAGTTTG-1	0
GTCTCGATCTGCTTTC-1	1
GTCTCGCCAACACGCC-1	0
GTCTGCCGACTCGACG-1	3
GTCTGGGCGGTCGAGA-1	3
GTCTTAGTACAGCCGG-1	0
GTCTTCCTCACCTAAG-1	4
GTCTTGAGGAGCAGTG-1	2
GTCTTGTAGCTATTCA-1	4
GTGAAACGGCGCCACC-1	1
GTGAAACGTGCTCCAC-1	1
GTGAACTCCCATTCGA-1	1
GTGAAGATTTCAAGTG-1	0
GTGAAGCCGTATAGTC-1	0
GTGACAGCTTCCCACT-1	2
GTGACCGCACACTACG-1	1
GTGACGAGGGTGACCC-1	0
GTGACGCAGGTTTCAT-1	2
GTGACTTCAGTAGTGC-1	3
GTGAGATAACCTTATA-1	5
GTGAGCGTGCTGCACT-1	6
GTGAGGACACTTAAGG-1	1
GTGAGGAGCGGTTGAG-1	0
GTGAGTCTAAGACGGA-1	4
GTGAGTGGTACAACGC-1	3
GTGATCAAGCGTGCAC-1	5
GTGATCACTAACGCCT-1	2
GTGATCATAGATCTGC-1	3
GTGATCCTTGTCATGA-1	2
GTGATGCACAACATCT-1	0
GTGATTCGCCGCTCAA-1	3
GTGCAACAAATGTGGC-1	1
GTGCACCAGCTTCAAC-1	3
GTGCACGAAAGTGACT-1	1
GTGCCATCACACGGTG-1	6
GTGCCCGTTCGGATTC-1	4
GTGCCGCTTCAAAGGT-1	6
GTGCCTAGCTATGCTT-1	6
GTGCCTCAGTGTACGG-1	0
GTGCCTGAGACCAAAC-1	2
GTGCGAAATCGAACAC-1	6
GTGCGACAGGGAGTGT-1	0
GTGCGCAGCTTGCTCC-1	1
GTGCGCTTACAAATGA-1	0
GTGCGGGACCATCGGC-1	1
GTGCGGGTCTCCAAAT-1	1
GTGCGTGTATATGAGC-1	4
GTGCTCAAGTACTGTC-1	6
GTGCTGCAGATAAGGA-1	3
GTGCTGTTAGAACATA-1	7
GTGCTTACATCAGCGC-1	2
GTGGAACCTACATGCG-1	0
GTGGACCAACCCGATT-1	4
GTGGACGCATTTGTCC-1	4
GTGGACGTGCTGAGAC-1	4
GTGGAGTCGGCGGTTG-1	3
GTGGCAAACAGCGGCA-1	3
GTGGCCTAATATCATT-1	3
GTGGCGGGCCGTAGCT-1	0
GTGGCGGTCCCAGCGT-1	3
GTGGCGTGCACCAGAG-1	1
GTGGCTGTTTCTGTTC-1	3
GTGGGAACAAACCGGG-1	5
GTGGGAAGACTGAATC-1	3
GTGGGCTTAGACACAC-1	6
GTGGGTCTTCTTTGCG-1	4
GTGGTATAGTCTGCCG-1	3
GTGGTCAGCGAAGTAT-1	0
GTGGTGGCCAAGTGAA-1	2
GTGGTTACTTCTTTCG-1	1
GTGGTTTCCGCCTTTC-1	6
GTGTACCTTGGCTACG-1	1
GTGTATATCAGCGGGC-1	2
GTGTATGACTTTAAAG-1	0
GTGTCAGTGTACGTGG-1	5
GTGTCCGATAAGGCAT-1	0
GTGTCGTATAGCGTTC-1	5
GTGTCGTATTCACCTT-1	1
GTGTGAATAACTTAGG-1	4
GTGTGAGCCGAGGTGC-1	0
GTGTGTCGACGTCGCT-1	4
GTGTTACTATGCGTCC-1	4
GTTAAAGTAGGACTGG-1	2
GTTAACATCACTTAAA-1	2
GTTAACTATGTTGTCA-1	2
GTTAAGGGTGCGATGT-1	2
GTTAAGTTAGAGTGGG-1	2
GTTAATGTCTATCTTA-1	4
GTTACAATTGGTGACG-1	6
GTTACCTACAACTTGC-1	3
GTTACGAAATCCACGC-1	0
GTTACGGCCCGACTGC-1	0
GTTACTTTGGGCCTAG-1	6
GTTAGAGTGTGCCGCT-1	0
GTTAGCCCATGACATC-1	2
GTTAGCCGTAAATCAA-1	0
GTTAGGCTACCCGTTT-1	5
GTTATAATACGGTGAA-1	2
GTTATATCAGGAGCCA-1	0
GTTATATTATCTCCCT-1	4
GTTATCAAGCTATCGA-1	2
GTTATCACCTTCTGAA-1	0
GTTATTAAATACGACC-1	0
GTTATTAACGTGGGAG-1	1
GTTCAAATCAGATGTC-1	5
GTTCAATCTATGTCAA-1	0
GTTCACAGGAGTCTAG-1	6
GTTCAGTCGCCAAATG-1	5
GTTCATCGTTTGGCTG-1	2
GTTCCAAGACAGCGAC-1	1
GTTCCAGTCTGACCAT-1	1
GTTCCCGTAAACATAT-1	2
GTTCCGTCCGCCTGCA-1	5
GTTCGCCATAAGTGCC-1	6
GTTCGCTGAGACGTCT-1	2
GTTCGGAGCACTCAAC-1	2
GTTCGGATCGGGAACA-1	2
GTTCGGGCGTACCATT-1	1
GTTCGTCTAAAGAACT-1	2
GTTCGTCTGGGTCCCT-1	0
GTTCGTTGCGGACCAG-1	0
GTTCTTCCCTCGATGT-1	1
GTTCTTGTAACTCAAT-1	3
GTTGAACCGGTTCCAT-1	6
GTTGAGTCCCGCCGGT-1	2
GTTGCACGGAGTTTCG-1	1
GTTGCGCTAACATTAC-1	2
GTTGGACCGCATCAGG-1	0
GTTGGATTCAGTGGCT-1	0
GTTGGATTGAGAACAC-1	1
GTTGGATTTGCGTTGG-1	6
GTTGGTCATGCTATCC-1	3
GTTGTAGATTTATGAG-1	5
GTTGTCGTGTTAGTTG-1	1
GTTGTTACATTGCGCT-1	0
GTTTACGTTCCATCTG-1	2
GTTTATGGGATTTAGA-1	4
GTTTCAAACGAGTTGT-1	2
GTTTCATATCGTCGCT-1	6
GTTTCCTGGAGGGTGA-1	4
GTTTCTAGAGGCGCGG-1	3
GTTTCTGCAGTCTCCC-1	4
GTTTGACCAAATCCTA-1	1
GTTTGAGCGGTTATGT-1	0
GTTTGGCCCAAGTTAT-1	4
GTTTGGCCGCTCAGCG-1	1
GTTTGGCGTCAGGCAC-1	1
GTTTGGGCTTGTGAGC-1	2
GTTTGGGTTTCGCCCG-1	2
GTTTGGTAGGGTCAAC-1	3
GTTTGGTGATCGGTGC-1	5
TAAACCCAGGAGGGCA-1	3
TAAACGTCGTCAATGA-1	4
TAAAGACAACCCTTTA-1	2
TAAAGAGCCCGAAACC-1	1
TAAAGCGGTATTTCCA-1	5
TAAAGCGTTAGGAGAA-1	1
TAAAGCTGCAATAGGG-1	0
TAAAGGAGAAACTAGT-1	0
TAAATCTTTACACCTC-1	0
TAAATGAATCCGTTTC-1	1
TAAATGCCGTCTCATG-1	0
TAAATTGTGGGTAAAG-1	3
TAAATTTAGTAACACC-1	5
TAACAAAGGGAGAAGC-1	4
TAACAATATTTGTTGC-1	3
TAACAGCGTTTGTGCT-1	5
TAACAGGTTCCCTTAG-1	3
TAACATACAATGTGGG-1	1
TAACATACACGCGATC-1	5
TAACCGCCCGCAGTGC-1	1
TAACCGTCCAGTTCAT-1	4
TAACCTACCGTCCGAG-1	7
TAACCTAGGGAGTCCA-1	2
TAACGCTTTGAGAGCG-1	6
TAACTATCGAAGGTCC-1	4
TAACTATTACGCCAAA-1	0
TAACTCATCCGCGCGG-1	6
TAACTCCATGGAGGCT-1	1
TAAGATTTAGCGGGAG-1	0
TAAGCAGGCGACACGC-1	2
TAAGCCCTTACGACCA-1	0
TAAGGAACTTGTGGGA-1	1
TAAGGCAACATAAGAT-1	1
TAAGGCATAACATCAA-1	3
TAAGGCCCGTCACCCT-1	2
TAAGGCTGAATCCCTC-1	4
TAAGGGCCTGTCCGAT-1	2
TAAGGGCTGGGAGAGG-1	3
TAAGTAAATGTGCCGC-1	0
TAAGTAACATCTTGAC-1	3
TAAGTCGCCGAGTATC-1	3
TAAGTTGCGACGTAGG-1	2
TAATAAACAAGGAGAT-1	0
TAATACACAGTAGTAT-1	1
TAATACTAGAACAGAC-1	2
TAATAGAACAGAGTTA-1	3
TAATAGGTCACCAGAA-1	5
TAATAGTGACGACCAG-1	1
TAATATTGAAATTCGC-1	1
TAATCAGGAATGCTGC-1	7
TAATCGATCCGTACGT-1	0
TAATGAAAGACCCTTG-1	4
TAATTACGTCAGTAGA-1	2
TAATTAGATGGATATG-1	1
TAATTAGGACATCCGT-1	7
TAATTGGAATCGGGAA-1	0
TAATTTCCGTCCAGTA-1	3
TACAAATTGCGGAGGT-1	0
TACAACGCACAACTCA-1	6
TACAAGCTGTTCACTG-1	0
TACAAGGGCTTCTTTA-1	3
TACAAGTCTCGTGCAT-1	6
TACAATGAAACCAGCA-1	0
TACACAGCCGTGGTGC-1	3
TACACCGTCGTTAGTC-1	0
TACACCTCTTCGAATC-1	3
TACAGAAACGGTGGGC-1	2
TACATAGGCATACACC-1	6
TACATCCCTATCCCTG-1	3
TACATCTTGTTTCTTG-1	5
TACATGACCTTATCCG-1	4
TACATTTCTAACGTGC-1	6
TACCAAATAGCCCAGA-1	2
TACCAATAAAGTACCA-1	2
TACCAGAAGTAGGTTC-1	3
TACCAGCTAGGTTTAA-1	0
TACCAGGAATCCCGTC-1	5
TACCGAATAATTGTAA-1	2
TACCGCGGACTTGCAG-1	1
TACCGGCTCACTGCCC-1	2
TACCGGTCGTTTCCAT-1	6
TACCGTAGGTTAACTA-1	3
TACCGTGCCTCGGACC-1	2
TACCTACTCCCAGTAT-1	4
TACCTATCCCTAGAGG-1	3
TACCTCACGCTTGTAC-1	1
TACCTCAGTTGTCTGT-1	3
TACCTCCACACCAATG-1	5
TACCTGCTGCACTGTG-1	4
TACCTTAAGATTTCCC-1	3
TACGAACACGACTTCA-1	2
TACGACGCTTGCTGCG-1	3
TACGACTGCCTCTTAG-1	3
TACGAGAACTTCACGT-1	6
TACGATCCAAGCCACT-1	7
TACGATGTTGATCATC-1	4
TACGCAGTTCTTTCCT-1	6
TACGCCATATTCTAAT-1	6
TACGCCGAGGGTACCC-1	3
TACGCCTCCATTCCGA-1	4
TACGCTATAGAAACCT-1	7
TACGCTCGGTATTGGA-1	2
TACGGAAGCCAAACCA-1	2
TACGGCATGGACGCTA-1	2
TACGGGATGCTAGCAG-1	0
TACGGGTAATAACATA-1	3
TACGTAAAGCGGAGTG-1	2
TACGTACTAGTGCTGA-1	5
TACGTGCACTATGCTG-1	4
TACGTGGGCCCAGGGC-1	3
TACGTTTACCGGCAAT-1	6
TACTACGTGCAATGCG-1	3
TACTATGGTTCCTCAG-1	3
TACTCCTCTAGTTGAC-1	5
TACTCGGCACGCCGGG-1	3
TACTCGTTTGAATCAA-1	3
TACTCTCCGAACAAAT-1	1
TACTCTTACTTTACTG-1	2
TACTCTTTCGTCTTCA-1	3
TACTGAACAGATTTAG-1	3
TACTGCAATCAATTAC-1	0
TACTGGACAGCTCGGC-1	6
TACTGTTTCTCTGGTA-1	4
TACTTAAACATGTACA-1	2
TACTTGTTAGTAGTCC-1	1
TACTTTACTGAGCCGG-1	1
TACTTTCCGCACGCCA-1	3
TAGAAACACAATAGTG-1	5
TAGAAACCACTAAGTA-1	0
TAGAAAGGTGGCGCTA-1	1
TAGAAATTCACGTATA-1	3
TAGAATAGCCGATGAA-1	2
TAGAATTAAGGGCAAC-1	0
TAGACGAAACGCCAAT-1	2
TAGACGCCCGTACCGG-1	1
TAGACTACCTAGCGTT-1	0
TAGAGATCATGCAACT-1	3
TAGAGCTACGAAGAAC-1	1
TAGAGGGAGTTTATCT-1	3
TAGAGGTTCTACTTGT-1	4
TAGAGTCTAAGCGAAC-1	4
TAGATATGGACTGGAA-1	3
TAGATCCGAAGTCGCA-1	0
TAGATGGTTCCTTACT-1	2
TAGATTCAAAGTGCGG-1	5
TAGATTCCTGGTTATT-1	6
TAGCAACCTGTCACAA-1	4
TAGCAGATACTTAGGG-1	3
TAGCAGTAAATACGCG-1	7
TAGCAGTATGACTAAA-1	2
TAGCCAGAGGGTCCGG-1	4
TAGCCATTTCAAAGTC-1	7
TAGCCGGCGGTCAGCG-1	1
TAGCGTCCCTCGATTG-1	2
TAGCGTCCGGTGTGGT-1	2
TAGCGTCGAATATTGA-1	4
TAGCGTTGGGTCTTAC-1	1
TAGCTAAGTCCGGGAG-1	1
TAGCTAGAAGGCATGA-1	3
TAGCTAGTGATGATGG-1	3
TAGCTCAGATCCTAGT-1	1
TAGCTCGCCTGATAAC-1	4
TAGCTGATGTGAAGCG-1	5
TAGGAACAGCCTCCAG-1	0
TAGGATCTTAACCGCA-1	3
TAGGCATGTTACGCCA-1	1
TAGGCCTATATAGTCT-1	2
TAGGCTAAAGTGGCAC-1	2
TAGGGAGCTTGGGATG-1	0
TAGGGTGTTTCAAGAG-1	1
TAGGTCCAAGTAAGGA-1	6
TAGGTCGCCGGAACTG-1	1
TAGGTGACGATAACCT-1	2
TAGGTGAGCCCTACTC-1	2
TAGGTGCTCGCCTAGC-1	4
TAGGTGTTCCACAGAT-1	3
TAGGTTCGAGTTCGTC-1	1
TAGGTTCTGCTGAGAA-1	5
TAGTACCTTAGTGGTC-1	4
TAGTAGCTTATACCAG-1	5
TAGTCCCGGAGACCAC-1	5
TAGTCCGCAGAGAATG-1	4
TAGTCCGTATGCATAA-1	1
TAGTCGATCACGGGTT-1	2
TAGTCGGGATTCTTCG-1	2
TAGTCTAACAACGAGA-1	6
TAGTCTGCGGCACATT-1	5
TAGTCTGTGACGTTGC-1	0
TAGTCTTTCCGAATTG-1	2
TAGTGAGAAGTGGTTG-1	0
TAGTGCCCTCCAGAGT-1	6
TAGTGCTTGAATCCTT-1	4
TAGTGGAACTCATACA-1	0
TAGTGTCAGAAACGGC-1	4
TAGTTAAGATAGGATA-1	0
TAGTTTATTCTTGCTT-1	1
TATAAATCCACAAGCT-1	1
TATAAGTGAGGATAGC-1	1
TATACACAGACGCCTT-1	2
TATACACGCAAAGTAT-1	1
TATACGCGTCATCACT-1	2
TATACTCATGCGGCAA-1	4
TATAGAGTCGCTTGAA-1	5
TATAGATGGTCGCAGT-1	0
TATAGCGCACGTTATC-1	5
TATAGGGTACTCATGA-1	3
TATATAGGGCTTTACG-1	5
TATATATCGAGAAATG-1	5
TATATCAAAGTGATCT-1	5
TATATCATTGATCAGT-1	4
TATATCCCTGGGAGGA-1	0
TATATGCTGGGTTGCC-1	4
TATATTACAAATGTCG-1	0
TATATTCGCGTCGATA-1	0
TATCAAAGGTCTGTAA-1	4
TATCACAGCACGGGCA-1	0
TATCACCATGTAAAGT-1	0
TATCACCCAACCGACC-1	0
TATCACTTCGAGTAAC-1	0
TATCCAATTGGTTATC-1	2
TATCCATATCATGCGA-1	1
TATCCCTCGATCTGCA-1	3
TATCCGCACCGTCGGG-1	3
TATCCTATCAACTGGT-1	5
TATCCTGCATGGGAAT-1	1
TATCGATCTATGCATA-1	0
TATCGATGATTAAACG-1	1
TATCTACAGAGGTAAT-1	6
TATCTACCACAGCGGG-1	3
TATCTAGCCTAAAGGA-1	3
TATGAAGAATTAAGGT-1	2
TATGAAGACAGGTGCG-1	4
TATGATAAATCTAACG-1	0
TATGATCCGGCACGCC-1	0
TATGATCTTCTCTTTA-1	4
TATGATTCTGCTTGGT-1	0
TATGCTCCCTACTTAC-1	1
TATGGAGTTTCTCGTT-1	1
TATGGATGTGCTACGC-1	1
TATGGCAGACTTTCGA-1	4
TATGGCCCGGCCTCGC-1	6
TATGGGACCGAGCAGG-1	1
TATGGGTACGTATCGT-1	2
TATGGTCTGAGTAACA-1	6
TATGGTTAGTGGGAGA-1	0
TATGTAAAGTGCTTAA-1	5
TATGTCAAGACCGACT-1	0
TATGTCTCATTGTGCC-1	1
TATTAACCTGACCGCG-1	3
TATTACCATCCTGCTT-1	7
TATTATGTTTGCCTGC-1	5
TATTCAATTCTAATCC-1	1
TATTCCACTCAGCTCG-1	4
TATTCCGAGCTGTTAT-1	2
TATTCCGGCAGTCCTA-1	0
TATTCCTCCGCCCACT-1	4
TATTCGTGCCAGAATA-1	1
TATTGACATTTCTGCC-1	0
TATTGCCGGGCTTGTA-1	2
TATTTAGTCTAGATCG-1	1
TATTTATACCGAGTAG-1	0
TATTTGATTTGCACAG-1	2
TATTTGTTACCCTTTA-1	4
TCAAACAACCGCGTCG-1	1
TCAAACAATTAGGACA-1	7
TCAAACTTAGATTGTT-1	1
TCAAATTGTTGTGCCG-1	2
TCAAATTTGAGACTCA-1	2
TCAACAAAGATAATTC-1	3
TCAACACATTGGGTAA-1	1
TCAACATAGCGCCCTA-1	3
TCAACATCGACCGAGA-1	3
TCAACCATGTTCGGGC-1	1
TCAACGAGGAGACAAA-1	6
TCAACGCAGGAAATAA-1	3
TCAACGCGACCGGCAG-1	6
TCAACTAACGTATAAC-1	6
TCAACTGCAGAGTCAG-1	2
TCAAGAAATACTAGCT-1	7
TCAAGCGCGGACGGTA-1	2
TCAAGGTTACTACACC-1	2
TCAATACAATTGCTGC-1	4
TCAATACGCCGTCATG-1	3
TCACAAACCGAGGTAC-1	2
TCACAGATCCTCAAAC-1	1
TCACAGCAAACTCGAA-1	3
TCACAGGAGAATAAGA-1	3
TCACAGGGAATCGCAA-1	2
TCACAGGTTATTGGGC-1	6
TCACATCTTATCTGAT-1	4
TCACCCTCTTAAGATT-1	4
TCACCGCTCGGCACTC-1	1
TCACGATGTCCGTGGA-1	3
TCACGCATTGTAGATC-1	4
TCACGGTCATCGCACA-1	4
TCACGTGCCCGATTCA-1	1
TCACTACGACCAATGC-1	0
TCACTATCCCTTCGGT-1	2
TCACTATCGTGCAATC-1	0
TCACTCAGCGCATTAG-1	0
TCACTCGTGCAACGGC-1	0
TCACTCTTCGTCTGTC-1	5
TCAGAACCTCCACAGG-1	1
TCAGAACGGCGGTAAT-1	3
TCAGACGCTATAGAAG-1	2
TCAGAGGACGCGTTAG-1	3
TCAGATGGAGACGTAG-1	0
TCAGCAAATGCATCTC-1	1
TCAGCAGTAGGCCCTG-1	5
TCAGCCAATCCGTAAA-1	2
TCAGCGCACGCCGTTT-1	3
TCAGGGCGACTTCCTT-1	4
TCAGGGCGCAAACTCG-1	4
TCAGGGTGCACGAAAC-1	0
TCAGGGTGTAACGTAA-1	1
TCAGGTTCTTTGAGAA-1	4
TCAGTACTGACCCGCG-1	4
TCAGTAGGGACTATAA-1	3
TCAGTGTATACGTCAT-1	3
TCAGTTACGGAATGAT-1	0
TCATACTTACAGATCC-1	4
TCATATGAGCTTTGTT-1	3
TCATCACTCGAGCTCG-1	4
TCATCCCAGAGGGTGG-1	0
TCATCCTCAGCTGCTT-1	3
TCATCGACGACCGTCG-1	4
TCATCGATGGTCCCAA-1	5
TCATGCAGGTTCTCAT-1	0
TCATTCGTATAATTTG-1	7
TCATTTAAGTCTCCGA-1	0
TCATTTAGAAGTGTGA-1	2
TCCAACTCAGCTATCT-1	2
TCCAACTTTAAATTCT-1	6
TCCAAGCCTAGACACA-1	2
TCCAATAAAGGCTACC-1	3
TCCACAATGGTTTACG-1	6
TCCACATCGTATATTG-1	5
TCCACCAAGACATAGG-1	3
TCCACCTCTAGCCTTT-1	3
TCCACTTTATCTAGGT-1	1
TCCAGAGCACCGGTTC-1	1
TCCAGATGTACGCCAA-1	0
TCCAGCGCTATAAGCG-1	2
TCCAGGCAGGACGATC-1	5
TCCAGGCGAGTACGGT-1	2
TCCAGGGTATATACGA-1	3
TCCATTAGTTGGATAG-1	1
TCCATTCCCACTAGAG-1	0
TCCATTGTGACCTCGT-1	0
TCCCAAACAGACAACG-1	0
TCCCAAAGACGAAGGA-1	1
TCCCAAAGCCCTAAAT-1	2
TCCCACGGAGGGAGCT-1	0
TCCCACTCTCTTCCGG-1	1
TCCCAGCTTTAGTCTG-1	4
TCCCAGGCTTAGCTAA-1	4
TCCCGCGTACTCCTGG-1	1
TCCCGGGTGTGCTGCT-1	6
TCCCGGTCAGGAATTT-1	1
TCCCGTCAGTCCCGCA-1	1
TCCCGTCGCGTCATAG-1	0
TCCCGTGTGCAATTTG-1	4
TCCCTAGATCAATAGG-1	0
TCCCTCCGAAATCGTT-1	0
TCCCTCTTCTCAAGGG-1	2
TCCCTGGCGTATTAAC-1	5
TCCCTGGCTCGCTGGA-1	6
TCCCTTAGATTACTCG-1	0
TCCCTTGTCTGAAACT-1	2
TCCGAACTTGGCTTAC-1	6
TCCGAAGTAGTCACCA-1	0
TCCGAATGGTCCTGAG-1	0
TCCGACCGCTAATCAA-1	5
TCCGAGAAGGCTAAGC-1	0
TCCGATAATTGCCATA-1	1
TCCGATGACTGAGCTC-1	1
TCCGATGGTGCGACAT-1	1
TCCGATTACATTGCCG-1	4
TCCGCAGCCACCTAGC-1	4
TCCGCCTGTCTACAAG-1	2
TCCGCGGCAGCATCTG-1	1
TCCGCGGCCCAATGAA-1	2
TCCGCTGTCATCCCGG-1	2
TCCGCTTATCCCATTA-1	2
TCCGGAGGAAGGGCTG-1	0
TCCGGCCTAGCGTACA-1	0
TCCGGCCTGCATCGAT-1	0
TCCGGGCTTGACGGGA-1	2
TCCGGTTCGTCCGGTC-1	3
TCCGTAACCACAATCC-1	4
TCCGTTAAGCTAATAT-1	2
TCCGTTTAGCCTTGAA-1	1
TCCTAAAGATTCAGAC-1	2
TCCTAAATTGGGAAGC-1	2
TCCTAACCGTCGGGCA-1	5
TCCTACATCCACGGCC-1	2
TCCTAGCAAAGAAGCT-1	6
TCCTCCTAAGACATTC-1	3
TCCTCGGGCTGGGCTT-1	4
TCCTCTACGAGATGGC-1	6
TCCTCTCCAGTTGTCC-1	6
TCCTCTGGCCCATTAG-1	0
TCCTGCCAACTGGAGA-1	0
TCCTGCGTTGATACTC-1	6
TCCTGGCGCTGCCTGG-1	0
TCCTTACGACGGTCCG-1	4
TCCTTCAATCCCTACG-1	4
TCCTTCAGTGGTCGAA-1	0
TCCTTGTCCTTTAATT-1	5
TCCTTTAAATCCGCTT-1	2
TCCTTTCTTACGCTTA-1	1
TCGAAATTTAGGACCA-1	1
TCGAAGAACCGAGCAC-1	2
TCGAATATCCCGCAGG-1	3
TCGAGACCAACACCGT-1	6
TCGAGCCAGGCAGGCC-1	3
TCGATAGGCTAGTCGC-1	0
TCGATTTACGAAACGA-1	3
TCGCAAAGATGCATTT-1	2
TCGCACCAGGAGGCAG-1	2
TCGCACTAACGTTTGT-1	5
TCGCATAAAGGGCGCA-1	2
TCGCATCCCTAAGTGT-1	1
TCGCATTCAATGACTT-1	1
TCGCCCAACTGACTCC-1	0
TCGCCCACTGCGAGAG-1	3
TCGCCGAAGTTGCGTC-1	6
TCGCCGACATATTCGC-1	2
TCGCCGCACCGCGTGA-1	2
TCGCCGGATGGGCAAG-1	5
TCGCCGGTCGATCCGT-1	1
TCGCCTCCTTCGGCTC-1	3
TCGCCTCGACCTGTTG-1	0
TCGCGTAGCAGTGTCC-1	4
TCGCGTCCAGAAGGTC-1	6
TCGCTAAACCGCTATC-1	0
TCGCTACTGGCTTTGA-1	2
TCGCTCGATATATTCC-1	4
TCGCTCGGCACCAGCG-1	0
TCGCTGCCAATGCTGT-1	2
TCGCTGGGCGGATTGT-1	1
TCGCTGTGCGTAAATC-1	1
TCGCTTAATTACGAAG-1	0
TCGCTTTAAACGTTTG-1	1
TCGGAATGACCATCAA-1	0
TCGGAATGCGCTCTGA-1	4
TCGGACGCCCAGCCCA-1	1
TCGGAGAGTATCGGGA-1	3
TCGGAGTACATGAGTA-1	4
TCGGCGAACCCAAACC-1	2
TCGGCGGTATTAGATT-1	7
TCGGCGTACTGCACAA-1	3
TCGGCTAACTTCCCTT-1	0
TCGGCTTGTATCGACG-1	2
TCGGGAACGTGCCTAG-1	1
TCGGGAGACAGCGTAC-1	2
TCGGGATTCAAACATA-1	3
TCGGGCACTTCTGGAT-1	0
TCGGGCCGTCGTGGTA-1	4
TCGGGTGAAACTGCTA-1	0
TCGGTCCCGACAATAG-1	5
TCGGTCCCTGACTCCA-1	0
TCGGTGACCGCTCCGG-1	0
TCGGTTAGCCATGTAG-1	0
TCGTAACTCCCAAGAC-1	2
TCGTAAGACGACATTG-1	4
TCGTAAGCTCCGAGGA-1	0
TCGTACCGACGTCAAG-1	5
TCGTATAGTGCAATTA-1	0
TCGTATCACCAAGCTA-1	2
TCGTATTACCCATTGC-1	6
TCGTATTTCGTCCGGA-1	0
TCGTCAAGTACGCGCA-1	3
TCGTCACACTGTTAGC-1	4
TCGTCCGCTGGCGTCT-1	1
TCGTCCGGGTACACTC-1	1
TCGTCTTAGGCGTTAA-1	2
TCGTGTACTATGGATG-1	4
TCGTGTATTGGTCACG-1	5
TCGTGTCACGCTGACA-1	4
TCGTGTTCGACCACAA-1	4
TCGTTAGGAGTCCCTA-1	3
TCGTTCGTTATTATGT-1	0
TCGTTGACAGGGTCCC-1	4
TCGTTGCTATCCGGTC-1	3
TCGTTGGCTCGTCAAT-1	1
TCGTTTACGCGACCCT-1	3
TCTAACTGTATGTAAA-1	3
TCTAATACTGCCTCAG-1	5
TCTACACGTTCATGCA-1	0
TCTACCCAATAGAGAG-1	2
TCTACCGTCCACAAGC-1	1
TCTACGGGCTCAGTTG-1	0
TCTAGCAATCTCCGCC-1	3
TCTAGCATCTTCGATG-1	1
TCTAGCATGCCCAGAA-1	2
TCTAGGTGGCGACGCT-1	1
TCTAGTGATATCGTGG-1	2
TCTAGTTATCAGAAGA-1	6
TCTATAGGTGGGTAAT-1	2
TCTATCATGCAGTTAC-1	4
TCTATCCGATTGCACA-1	3
TCTATCGGTCGCAACA-1	4
TCTATGCTATAACGAC-1	2
TCTATTACGCTGGCGA-1	1
TCTATTACTAGAGGAT-1	3
TCTCAAATCAATCGGG-1	3
TCTCATGAGATAGGGT-1	2
TCTCCAACGTAGGTTA-1	1
TCTCCACAAGTTGAAT-1	2
TCTCCCTGGGCAGCGT-1	2
TCTCGAACGAGGTCAC-1	0
TCTCGACGTATCGCCG-1	2
TCTCGAGGAGGTTCGC-1	2
TCTCGGCTCCAGGACT-1	1
TCTCGTGTTACGAGGA-1	3
TCTCTAATAGCTGGTA-1	1
TCTCTCGCCGCACATA-1	2
TCTCTTACCGCGAACC-1	5
TCTGAACCGGTCGGCT-1	4
TCTGAACTCGTACCCG-1	2
TCTGAAGCACGTGGTC-1	2
TCTGAATTCCGTACAA-1	1
TCTGACTGTAATGGTT-1	1
TCTGAGCAATTGACTG-1	2
TCTGATCGGGTGCTAG-1	0
TCTGATGTATTCTGTC-1	2
TCTGCAGATTCGAGTC-1	4
TCTGCATACCTTGCTT-1	2
TCTGCCAGAAACTGCA-1	1
TCTGCGAATCGTTCGC-1	0
TCTGCGTCCGGTTTCT-1	1
TCTGGCGCAAGCCGGG-1	3
TCTGGGAACCTTTGAA-1	7
TCTGGGTAGCGCTCAT-1	6
TCTGTCATACAAGAGC-1	1
TCTGTGACTGACCGTT-1	1
TCTGTGATGGAGGTTG-1	0
TCTGTGCCATCATAGT-1	1
TCTGTGGCTACATTTC-1	0
TCTGTTACCCAGCATA-1	3
TCTTAACTCGGATGTA-1	5
TCTTACAGAGGTACCG-1	1
TCTTACCGGAACTCGT-1	0
TCTTACGGCATCCGAC-1	1
TCTTACTTATGCCTCT-1	4
TCTTAGAGCTCCAATT-1	2
TCTTAGAGTGAACTCT-1	2
TCTTATGGGTAGTACC-1	0
TCTTCCCATGGGCACA-1	1
TCTTCGAATAGACGTT-1	4
TCTTCGATACCAATAA-1	1
TCTTCGCGGTGAGAGG-1	2
TCTTCTATAACCCGCC-1	2
TCTTGATGCGTAGCGA-1	1
TCTTGCTCCCGATACT-1	2
TCTTGGTAACACCAAA-1	1
TCTTTAAGACTATGAA-1	1
TCTTTAGAGTCTAACA-1	2
TCTTTAGCAGGCGAAC-1	7
TCTTTCTCTTAAGGAG-1	0
TGAAACCTCAACTCAC-1	0
TGAAACTTATGCAAGC-1	0
TGAAAGGACCTGACTC-1	1
TGAACAAGCAGGGACT-1	5
TGAACACCCGAAGCAG-1	4
TGAACTGCTATGACTT-1	3
TGAAGAGCGGTCCTAG-1	5
TGAAGTAGCTTACGGA-1	5
TGAATACCGACGCGTA-1	2
TGAATATGCTATAAAC-1	0
TGAATGAGATACAGCA-1	0
TGAATGAGTGTTTCCC-1	5
TGAATGTCAGCCGGCC-1	2
TGAATTTCACTTGCCT-1	3
TGACACTTCTCTTTGC-1	0
TGACATATATGACGAT-1	3
TGACATCGAGCGGACC-1	7
TGACATGTAACGTGAC-1	5
TGACCAAATCTTAAAC-1	3
TGACCAGCTTCAAAGT-1	0
TGACCCAACTCACATT-1	0
TGACCCACGTTAGACA-1	6
TGACCCAGCATTCCCG-1	1
TGACGAATATTTCCCT-1	3
TGACGATGCACTAGAA-1	7
TGACTATAATCCTTTC-1	3
TGAGAATGCTTTACCG-1	1
TGAGACGTACCTCTCA-1	3
TGAGAGATTTACCACG-1	2
TGAGATCAAATACTCA-1	0
TGAGATTAGGCCCTAA-1	0
TGAGCAGTCGTGAAGT-1	0
TGAGCCATACAGTCTC-1	4
TGAGCGGAAAGTGTTC-1	2
TGAGCTTTAATGACGC-1	0
TGAGGAGTGCCAGCTT-1	3
TGAGGTGTGTGGCGGA-1	5
TGAGGTTGATCCCAAG-1	0
TGAGTAAATTAGCGTA-1	4
TGAGTGCCTCTTAAAT-1	6
TGAGTGGTCCGTGACG-1	4
TGAGTGTAACAACGGG-1	3
TGAGTTAAAGACATTC-1	2
TGATACATTTAGCCGT-1	3
TGATAGCGGGATTCTA-1	4
TGATCACCACACTGAC-1	5
TGATCAGGGAACTGCT-1	4
TGATCCCAGCATTAGT-1	0
TGATCGGTTTGACCCT-1	4
TGATCTACGCTGATCT-1	0
TGATCTATCACACTCT-1	3
TGATCTCCGGCGCCAG-1	4
TGATGCTCACGTAGTC-1	7
TGATGGCTGTTTCTGA-1	0
TGATGTCAATTAAGTG-1	2
TGATTATGGCACGCAG-1	0
TGATTCAGGTCCCGCG-1	5
TGATTCCCGGTTACCT-1	5
TGATTCGTCTATCACT-1	6
TGATTCTGTCGCCGGT-1	3
TGATTTATTAGCTGTG-1	4
TGATTTCCTCCTGACG-1	4
TGCAAACCCACATCAA-1	0
TGCAAAGTTCGTCTGT-1	5
TGCAACCCATCTGCGG-1	2
TGCAACTACTGGTTGA-1	3
TGCAAGAATGACGTAA-1	6
TGCAATCTAACACGGT-1	2
TGCAATTTGGGCACGG-1	0
TGCACAGTGAAGTTAT-1	0
TGCACGAGTCGGCAGC-1	0
TGCACTATGTGAGTGC-1	4
TGCAGAACTATATCGT-1	6
TGCAGAGTACCGAGCA-1	6
TGCAGATCGTCCTAGG-1	3
TGCAGCTACGTACTTC-1	3
TGCAGGATCGGCAAAG-1	4
TGCAGTGAGGCTCGGG-1	0
TGCAGTTTCCTCCCAT-1	4
TGCATATGTCTGTCAC-1	1
TGCATCTCCGGATCTT-1	1
TGCATGGATCGGATCT-1	1
TGCATGGCAGTCTTGC-1	7
TGCATGTGACCCATAG-1	5
TGCATGTGGTAATCTA-1	1
TGCCAAAGTCAGACTT-1	3
TGCCAATGGGTACTCT-1	3
TGCCACACTAGAGGAA-1	3
TGCCACCTGGCGAAAC-1	1
TGCCAGTACGTGGAGA-1	2
TGCCATGGCTTATAAG-1	1
TGCCATTACTAAAGAA-1	0
TGCCCGATAGTTAGAA-1	3
TGCCCGTACCGTTAAA-1	1
TGCCGAAAGCGTATTC-1	0
TGCCGGATGTACGAGC-1	5
TGCCGTGGATCGTCCT-1	2
TGCCGTGGGACCCAAT-1	5
TGCCTAATTGAAGATT-1	2
TGCCTGACATCGGTCA-1	1
TGCCTGATCAAACGAT-1	1
TGCCTTGGCCAGGCAA-1	2
TGCGAATATGGGATTT-1	3
TGCGACACCCTAGTGC-1	3
TGCGACGGCCGAACGT-1	5
TGCGAGAATATTACCC-1	3
TGCGAGATGGCGGCCA-1	0
TGCGAGCCCTTCCGCG-1	0
TGCGATGCTAATGGCT-1	4
TGCGCAAAGCATTTGG-1	1
TGCGCGATTAACGGAG-1	1
TGCGGACTTGACTCCG-1	2
TGCGGAGTAAAGGTGC-1	1
TGCGGCATAGTTCAAC-1	1
TGCGGGTATTGGGATC-1	0
TGCGGTCTACGAGTAA-1	7
TGCGGTGAAATTTCAT-1	0
TGCGTAAGAACCTGAT-1	6
TGCGTACGGCTAATTG-1	2
TGCGTCATGACTGAGC-1	5
TGCGTGATTGGGTGTC-1	1
TGCGTTTGTTGACACT-1	4
TGCTAAGTGTCTATTT-1	2
TGCTATACAAACGGAC-1	0
TGCTCACACAACAACC-1	7
TGCTCCACAGTTCTTA-1	4
TGCTCGGCGAAACCCA-1	2
TGCTCGGTGGGTCACC-1	2
TGCTCTTGAGAGTTTG-1	2
TGCTGCGTCAGAGTTA-1	1
TGCTGGTTGGACAATT-1	1
TGCTGTTGAAGAACTC-1	1
TGCTTAGAGAGAATGC-1	5
TGCTTCCCAAGCAGTA-1	2
TGCTTGAAACCATGCA-1	1
TGGAAACGGAGTGAAC-1	1
TGGAACCACTGACACA-1	0
TGGAAGAAGGGAACGT-1	6
TGGAAGACGAACACCA-1	1
TGGAAGGATAAAGATG-1	1
TGGAATATCCTTGACC-1	0
TGGAATTAGACGCTTT-1	4
TGGACACCGTTGCTTG-1	5
TGGACCAATCTAAGAT-1	2
TGGACCACGGCGTTGA-1	1
TGGACGCAATCCAGCC-1	5
TGGACGTAGGCGAATC-1	4
TGGACTGTTCGCTCAA-1	4
TGGAGCTAAAGTTCCC-1	0
TGGAGGGAAACACCTC-1	0
TGGAGTGATGCGATGA-1	4
TGGATAGAGTAACAGA-1	1
TGGCAAACTAAATTAC-1	2
TGGCAACTCGCGCGCC-1	1
TGGCAAGCACAAGTCG-1	3
TGGCAATGGGACGGCG-1	2
TGGCACGAGCTCGAGT-1	0
TGGCAGATTACGATCA-1	3
TGGCAGCAGTAATAGT-1	4
TGGCCAAACTGAAGTA-1	1
TGGCCAATTTGGTACT-1	5
TGGCCGTATATTGACC-1	6
TGGCGACTGCTCCAAA-1	3
TGGCGATCAAGTTATG-1	3
TGGCGGTGTGCGATTG-1	1
TGGCTACACTCTACCT-1	2
TGGCTATGTGACATAC-1	2
TGGCTCTTGTCGCGTA-1	5
TGGCTTGTACAAGCTT-1	0
TGGCTTTGGGTAGACA-1	1
TGGGAAATGCCTTTCC-1	4
TGGGATGCACTCATTC-1	0
TGGGCAATAGTTGGGT-1	2
TGGGCACAAACAGAAC-1	1
TGGGCACGTTCTATGG-1	0
TGGGCAGGCCACCGCA-1	2
TGGGCCACAAGAGCGC-1	1
TGGGCCCATACTAATT-1	2
TGGGCCTTGCCTGCAT-1	1
TGGGCGATACAATAAG-1	5
TGGGTAAGGTTCCCGC-1	0
TGGGTGCACAAGCCAT-1	3
TGGGTGGGATGTCATT-1	0
TGGGTGTAATAGATTT-1	2
TGGGTGTTAAGTAGAA-1	3
TGGGTTCCCGGACGGA-1	5
TGGTAAGCAGGATTGA-1	4
TGGTAGAATATATGGG-1	2
TGGTATCGCATCCCAA-1	0
TGGTATCGGTCTGTAT-1	0
TGGTCCCACGCTACGG-1	2
TGGTCGTGCAAGGCAA-1	3
TGGTCGTTTGATAGAT-1	1
TGGTCTAGCTTACATG-1	5
TGGTCTGTTGGGCGTA-1	6
TGGTGATCGTATTTGT-1	4
TGGTTAAGGGCGCTGG-1	0
TGGTTATGCTTGCGGT-1	4
TGGTTCAACGGGTAAT-1	2
TGGTTCGTAGCAAAGG-1	1
TGGTTGGAGGATCCTG-1	0
TGGTTTAAACGTGGGT-1	0
TGTAACTTGTCAACCT-1	0
TGTAATGACCACAATA-1	3
TGTAATGCCTTCGGAC-1	7
TGTACCTACACGAGGG-1	2
TGTACGAACAAATCCG-1	6
TGTACGCTATCAGCTT-1	4
TGTACTACTCTCACGG-1	0
TGTACTGTGCCAAAGT-1	0
TGTAGCCAATTCCGTT-1	3
TGTAGCCATCCCATTC-1	2
TGTAGGAGAAATTTCC-1	1
TGTAGTGATCTATAAT-1	4
TGTATAACAGATCCTG-1	1
TGTATCAGACTGAAGC-1	0
TGTATCCTTATTCCAT-1	1
TGTATGGCGCAGACAG-1	2
TGTATTTACCTAATGC-1	0
TGTCATTTGTTGGGAA-1	0
TGTCCACGGCTCAACT-1	2
TGTCCCGACATAGCAC-1	0
TGTCCGTGGCGCCTTT-1	6
TGTCCTAAGTCACCGC-1	6
TGTCGGCATGGTGGAA-1	1
TGTCGTGGGTATAGGC-1	3
TGTCTACAGTTTCTGT-1	1
TGTGACTACGCCAGTC-1	1
TGTGACTAGAGTTTGC-1	2
TGTGAGACTAGCCCAA-1	2
TGTGATTCCAGCGCTT-1	4
TGTGCCGGTGCCGGAA-1	2
TGTGCTTTACGTAAGA-1	3
TGTGGAGGAAGCTTAA-1	0
TGTGGCAAAGCGTATG-1	1
TGTGGCGGGCTTCTGG-1	3
TGTGGCTCCCACCAAC-1	2
TGTGGTTGCTAAAGCT-1	5
TGTGTAGTAGCACGTG-1	2
TGTGTCGCGAGTTGCA-1	4
TGTGTTCGTATCCAAG-1	6
TGTTATTGTATGTGGC-1	4
TGTTCATAAATGTGCT-1	4
TGTTCCGCTTCCATGA-1	6
TGTTCCGGCCTGAGCT-1	5
TGTTCGTATTGCGGTG-1	4
TGTTCTCTACTCCCTA-1	0
TGTTCTTCCATTGACT-1	6
TGTTGATCACTGTTTA-1	2
TGTTGTCAAGAAGTCT-1	1
TGTTTAATACTTCATC-1	0
TGTTTCGGTACTTCTC-1	1
TGTTTGAGATCGTCAG-1	4
TTAAACAGAGTCCCGC-1	1
TTAAACCGGTAGCGAC-1	0
TTAAACCTGGTTCCTT-1	4
TTAAACTCGAATTCAT-1	1
TTAAAGTAAGTCGCCA-1	2
TTAACACCTCGAACAT-1	4
TTAACCAACCCTCCCT-1	1
TTAACGAACAAGCAGT-1	0
TTAACGTCGCAAGACC-1	0
TTAACGTTAAAGCCTG-1	3
TTAACTCACGCGTGGA-1	4
TTAACTTCAGGTAGGA-1	4
TTAAGACGAACGAACC-1	0
TTAAGATAGGATTGAC-1	2
TTAAGCCGACAACTTC-1	0
TTAAGCGCCTGACCCA-1	1
TTAAGGATACGGAGGT-1	1
TTAAGGCCCGTACTTT-1	5
TTAAGTATTGTTATCC-1	2
TTAATCAGTACGTCAG-1	0
TTAATGCGAGGTAACT-1	0
TTAATGTAGACCAGGT-1	1
TTAATGTGTTTGCAGG-1	2
TTAATTGCTTTGGGTG-1	2
TTAATTTCAGACGCGG-1	1
TTACAACTACGCATCC-1	1
TTACACGATCTGCGAC-1	2
TTACAGACCTAAATGA-1	0
TTACATCGTGGCCTGG-1	4
TTACATGCCACAACTA-1	7
TTACCATTGATTACCC-1	6
TTACCCATTGCCGGGT-1	0
TTACCCTAACAGTCCT-1	4
TTACCCTAGGGATTGG-1	3
TTACCGCCTTAGGGAA-1	1
TTACGGATGGTTCGAG-1	1
TTACGGTGTCACCGAG-1	0
TTACGTAGCGCGTGCT-1	1
TTACGTATCTATGACA-1	2
TTACTAAAGGACTTTA-1	2
TTACTATCGGCTTCTC-1	3
TTACTCCGGCCGGGAA-1	1
TTACTCTGGTACGTAC-1	6
TTACTGGGATATTTCA-1	6
TTACTGTCTAGAGCTC-1	0
TTACTGTTTCTCTACG-1	0
TTAGAAGAACATGACT-1	2
TTAGAATAAGGGTCGG-1	3
TTAGACACGATCGTTG-1	0
TTAGACGAGTCACCTC-1	2
TTAGAGTTTAGAAGGA-1	2
TTAGATAGGTCGATAC-1	1
TTAGCAACATGGATGT-1	1
TTAGCTAATACGATCT-1	0
TTAGCTCTGTAATCCG-1	4
TTAGCTGATTTGCCGT-1	2
TTAGGTCATAACCGAC-1	3
TTAGTAAACCTGCTCT-1	2
TTAGTAGGGCGGCGGG-1	6
TTAGTTATTCGTGGCA-1	2
TTAGTTCAAGTGTTCG-1	0
TTATAGATGCACATTA-1	0
TTATAGGTAATTGTCT-1	2
TTATAGTCCAAGGTGC-1	7
TTATATACGCTGTCAC-1	4
TTATATTTGGCAATCC-1	4
TTATCATACTCGCAAA-1	1
TTATCCAATCGAACTC-1	1
TTATCCGGGATCTATA-1	2
TTATCCTCAAGGAATA-1	5
TTATCGCCTGCGAAGC-1	3
TTATCTGACATTAGGA-1	3
TTATCTGTATCATAAC-1	4
TTATGAATGAAAGGGA-1	1
TTATGACAAACTGGAT-1	6
TTATGATCTTAACGAA-1	1
TTATGCGTCCCGGTCC-1	1
TTATGTTTGCGATAGA-1	6
TTATTAGAGCGTGTTC-1	3
TTATTAGGGAAGCATC-1	1
TTATTTCATCCCAAAC-1	4
TTCAAAGTCTCTAGCC-1	1
TTCAACGACCCGACCG-1	1
TTCAAGCCGAGCTGAG-1	0
TTCAATACTCTGAATC-1	4
TTCAATTAGCCATAAT-1	0
TTCACGAAAGGATCAC-1	6
TTCACTCGAGCACCTA-1	2
TTCACTTCCTAGAACG-1	5
TTCAGAGTAACCTGAC-1	1
TTCAGCCCTGGTCCAC-1	2
TTCAGCTGGCGTGCCC-1	2
TTCAGGCGTCAAAGCC-1	4
TTCAGTTCAAGAGGAG-1	5
TTCAGTTTGTGGCAGC-1	4
TTCATAGCCTTGTAAC-1	1
TTCATAGGGTGTCCAT-1	4
TTCATGGCGCAACAGG-1	1
TTCCAATCAGAGCTAG-1	0
TTCCAATCTGGCTATC-1	4
TTCCACACAGATTTGA-1	3
TTCCACATTTCTCGTC-1	0
TTCCAGACGAGATTTA-1	7
TTCCATCATGCGGTGA-1	0
TTCCATCGACAGCGTG-1	2
TTCCCGACGCTTCACT-1	4
TTCCCGGCGCCAATAG-1	3
TTCCGCAGAGAAATAT-1	0
TTCCGCGTGAGGCGAT-1	2
TTCCGGCCTTGAGGCT-1	3
TTCCGGCTCGACTTCT-1	0
TTCCGGTATCTGTGTC-1	7
TTCCGGTTACCCACTT-1	2
TTCCTCGAGGGTGTCT-1	1
TTCCTCGGACTAACCA-1	2
TTCCTCTGCCCGAATA-1	3
TTCCTTTCTGTGTTGC-1	1
TTCGACAGAGCCCGTG-1	2
TTCGACGGGAAGGGCG-1	4
TTCGAGCCGGCGCTAC-1	7
TTCGCACTCGCGTGCT-1	4
TTCGCACTGTACGACA-1	3
TTCGCATCCGGAAGCA-1	1
TTCGCGCGCCATACGA-1	3
TTCGCTAGGAAGTTGT-1	2
TTCGCTATCTGACGTG-1	0
TTCGGACTGATGCCTT-1	0
TTCGGCAACCCGCTGA-1	0
TTCGGCTAGAGATGGT-1	6
TTCGGGACTAATCGCG-1	1
TTCGGGCGCTAGTCTT-1	5
TTCGGGTTGCCACGGG-1	2
TTCGGTACTGTAGAGG-1	3
TTCGTAATCCCAGCGG-1	0
TTCGTACTCCAGAACG-1	6
TTCGTGGGCTGGAAGC-1	1
TTCGTTCAACGAAGTT-1	0
TTCTAACCGAAGCTTA-1	1
TTCTACCTTTATGTTG-1	0
TTCTACTTGCGAGGGC-1	4
TTCTAGAAAGTCTTAT-1	3
TTCTAGGCCAATTGTG-1	4
TTCTATTAAACGCAGC-1	5
TTCTGACCGGGCTCAA-1	2
TTCTGCCGCGCCTAGA-1	4
TTCTGCGAGCGCCCTT-1	4
TTCTGCGGGTTAGCGG-1	1
TTCTGCTAGACTCCAA-1	0
TTCTGTTTCCTGTCGC-1	5
TTCTTAGTGAACGGTG-1	1
TTCTTAGTGGCTCAGA-1	1
TTCTTATCCGCTGGGT-1	4
TTCTTCCCTTTGATAT-1	0
TTCTTCGCAATAGAGC-1	1
TTCTTGAGCCGCGCTA-1	3
TTCTTGCTAGCATCTC-1	7
TTCTTGGACGATCTGC-1	3
TTCTTGGAGTAATGAG-1	1
TTCTTGTAACCTAATG-1	4
TTCTTGTGTCCATCAG-1	4
TTCTTTGGTCGCGACG-1	0
TTGAAAGGTGTAAAGG-1	0
TTGAACGAATCCTTTG-1	6
TTGAACGACGTGCTGA-1	2
TTGAAGAATTCCCAGG-1	6
TTGAATATGGACTTTC-1	1
TTGAATCGTTGTATAA-1	3
TTGAATTCACGTGAGG-1	7
TTGACAGGAGCTCCCG-1	2
TTGACATGAACGTGGA-1	6
TTGACCAGGAACAACT-1	2
TTGACCATGTTCTCCG-1	1
TTGACCGTGTTAATGA-1	3
TTGACGATTCAGCACG-1	0
TTGACGCTCCATGAGC-1	4
TTGACTACCATATGGT-1	6
TTGACTATTGTCCGGC-1	2
TTGAGAAGTTTAGCAT-1	2
TTGAGAGTACTGCTAA-1	6
TTGAGCAGCCCACGGT-1	2
TTGAGCGCCACGTGAT-1	2
TTGAGGCATTTAACTC-1	0
TTGAGGGTCGAACGCG-1	7
TTGAGTCCCGCTGCTG-1	2
TTGATAGTCAATACAT-1	0
TTGATCTAACTTTGTC-1	1
TTGATGCCGCTCGTCG-1	5
TTGATGTGTAGTCCCG-1	1
TTGATTAGCTGTTTCT-1	3
TTGATTATGCAGATGA-1	4
TTGCAAGAAGACTCCT-1	5
TTGCACAATTCAGAAA-1	6
TTGCACGGAGCAGCAC-1	1
TTGCAGGTCATGAAGT-1	1
TTGCATGCTGATCACG-1	6
TTGCCAAGCAGAACCC-1	2
TTGCCATAGCCCGCTC-1	3
TTGCCCTGATCACGGG-1	6
TTGCCGCTTTCTAGTA-1	2
TTGCCGGTGATCCCTC-1	0
TTGCCTTCTCGCCGGG-1	2
TTGCGCTCTCTCGCTT-1	5
TTGCGCTTGATCAATA-1	2
TTGCGGCATCAGAAAG-1	3
TTGCGGCGACTCATGC-1	0
TTGCGTAGTTTGAGGA-1	4
TTGCGTCGGCCAACCG-1	3
TTGCGTGAACGCTTAG-1	0
TTGCGTGTGTAGGCAT-1	3
TTGCTAGCTACCAATC-1	0
TTGCTCATAGTACGTG-1	2
TTGCTCCCATACCGGA-1	1
TTGCTGAAGGAACCAC-1	1
TTGCTGATCATGTTCG-1	1
TTGCTGCACCTATCCA-1	4
TTGCTGGCCGGGCTTC-1	0
TTGGAAGAATACAGTC-1	3
TTGGACATGTGGCTTA-1	6
TTGGACCATCTGGCAA-1	2
TTGGACCTATAACAGT-1	2
TTGGAGTCTCCCTTCT-1	1
TTGGATATCGTCTACG-1	4
TTGGATCGACTTCTGG-1	0
TTGGATTGGGTACCAC-1	1
TTGGCCAAATTGTATC-1	3
TTGGCCATCTTGCGCT-1	1
TTGGCCTAGAATTTCG-1	0
TTGGCGATCCGAATAT-1	2
TTGGCTCAATATGTGT-1	2
TTGGCTCGCATGAGAC-1	4
TTGGGAAGACGAGCCG-1	5
TTGGGACACTGCCCGC-1	1
TTGGGACGTAAGAGTT-1	4
TTGGGCGGCGGTTGCC-1	1
TTGGGTTTATTCAGCG-1	0
TTGGTATGGCTTGTGT-1	0
TTGGTCACACTCGTAA-1	3
TTGGTGCGGTGTTGAA-1	7
TTGGTTCGCTCAAAGG-1	2
TTGGTTGCGGTGCGCG-1	3
TTGTAACTTCATAGCG-1	7
TTGTAAGGACCTAAGT-1	3
TTGTAAGGCCAGTTGG-1	1
TTGTAATCCGTACTCG-1	6
TTGTATCACACAGAAT-1	0
TTGTCGTTCAGTTACC-1	1
TTGTGAACCTAATCCG-1	2
TTGTGAGGCATGACGC-1	3
TTGTGATCTGTTCAGT-1	2
TTGTGCAGCCACGTCA-1	2
TTGTGGCCCTGACAGT-1	1
TTGTGGTAGGAGGGAT-1	3
TTGTGGTGGTACTAAG-1	2
TTGTGTATGCCACCAA-1	4
TTGTGTTTCCCGAAAG-1	2
TTGTTAGCAAATTCGA-1	1
TTGTTCAGTGTGCTAC-1	1
TTGTTCTAGATACGCT-1	5
TTGTTGTGTGTCAAGA-1	1
TTGTTTCACATCCAGG-1	3
TTGTTTCATTAGTCTA-1	5
TTGTTTCCATACAACT-1	3
TTGTTTGTGTAAATTC-1	0
