	leiden
AAACAAGTATCTCCCA-1	0
AAACAATCTACTAGCA-1	1
AAACACCAATAACTGC-1	1
AAACAGAGCGACTCCT-1	4
AAACAGCTTTCAGAAG-1	2
AAACAGGGTCTATATT-1	1
AAACAGTGTTCCTGGG-1	3
AAACATGGTGAGAGGA-1	2
AAACATTTCCCGGATT-1	0
AAACCCGAACGAAATC-1	3
AAACCGGAAATGTTAA-1	2
AAACCGGGTAGGTACC-1	3
AAACCGTTCGTCCAGG-1	1
AAACCTAAGCAGCCGG-1	4
AAACCTCATGAAGTTG-1	1
AAACGAAGAACATACC-1	3
AAACGAAGATGGAGTA-1	2
AAACGAGACGGTTGAT-1	0
AAACGCTGGGCACGAC-1	1
AAACGGGCGTACGGGT-1	0
AAACGGTTGCGAACTG-1	0
AAACGTGTTCGCCCTA-1	3
AAACTAACGTGGCGAC-1	4
AAACTCGTGATATAAG-1	0
AAACTGCTGGCTCCAA-1	0
AAACTTAATTGCACGC-1	1
AAACTTGCAAACGTAT-1	2
AAAGAATGACCTTAGA-1	2
AAAGAATGTGGACTAA-1	0
AAAGACATGAAGTTTA-1	4
AAAGACCCAAGTCGCG-1	2
AAAGACTGGGCGCTTT-1	3
AAAGCTTGCCTACATA-1	3
AAAGGCCCTATAATAC-1	1
AAAGGCTACGGACCAT-1	0
AAAGGCTCTCGCGCCG-1	0
AAAGGGATGTAGCAAG-1	3
AAAGGGCAGCTTGAAT-1	1
AAAGGTAAGCTGTACC-1	4
AAAGTAGCATTGCTCA-1	1
AAAGTCACTGATGTAA-1	2
AAAGTCGACCCTCAGT-1	1
AAAGTGCCATCAATTA-1	2
AAAGTGTGATTTATCT-1	0
AAAGTTGACTCCCGTA-1	0
AAATAACCATACGGGA-1	0
AAATAAGGTAGTGCCC-1	3
AAATACCTATAAGCAT-1	0
AAATAGCTTAGACTTT-1	0
AAATAGGGTGCTATTG-1	4
AAATCACTCCTAAACG-1	0
AAATCCGATACACGCC-1	0
AAATCGCGGAAGGAGT-1	1
AAATCGTGTACCACAA-1	3
AAATCTAGCCCTGCTA-1	0
AAATGACTGATCAAAC-1	4
AAATGATTCGATCAGC-1	4
AAATGCTCGTTACGTT-1	2
AAATGGCATGTCTTGT-1	2
AAATGGCCCGTGCCCT-1	1
AAATGGTCAATGTGCC-1	3
AAATGTGGGTGCTCCT-1	2
AAATTAACGGGTAGCT-1	3
AAATTACACGACTCTG-1	0
AAATTCCAGGTCCAAA-1	0
AAATTGATAGTCCTTT-1	1
AAATTGGTGAGAAGCA-1	3
AAATTTACCGAAATCC-1	4
AAATTTGCGGGTGTGG-1	2
AACAACTGGTAGTTGC-1	1
AACAATACATTGTCGA-1	3
AACAATTACTCTACGC-1	1
AACACACGCTCGCCGC-1	0
AACACGACTGTACTGA-1	3
AACACGAGACGCGGCC-1	2
AACACGCGGCCGCGAA-1	2
AACAGCTGTGTGGCAA-1	1
AACAGGAAATCGAATA-1	3
AACAGGATGGGCCGCG-1	2
AACAGGTAGTATGGAT-1	3
AACATAGCGTGTATCG-1	0
AACATATCAACTGGTG-1	0
AACATCGATACGTCTA-1	4
AACATTGAAGTTGATC-1	1
AACATTGTGACTCGAG-1	0
AACCAAGACTTCTCTG-1	1
AACCAGTATCACTCTT-1	4
AACCATAGGGTTGAAC-1	2
AACCATGGGATCGCTA-1	2
AACCCAGAGACGGAGA-1	2
AACCCATCCCATGATC-1	1
AACCCGACAACCCGTG-1	3
AACCCGAGCAGAATCG-1	3
AACCCGCTGTATTCCA-1	4
AACCCTACTGTCAATA-1	0
AACCCTGGTGGAACCA-1	3
AACCGAGCTTGGTCAT-1	0
AACCGCTAAGGGATGC-1	0
AACCGTTGTGTTTGCT-1	3
AACCTGTCACGGAATT-1	3
AACCTTTAAATACGGT-1	4
AACCTTTACGACGTCT-1	4
AACGAAAGTCGTCCCA-1	1
AACGACCTCCTAGCCG-1	3
AACGATATGTCAACTG-1	0
AACGCATGATCTGGGT-1	4
AACGCGACCTTGGGCG-1	4
AACGCGGTCTCCAGCC-1	3
AACGCTGTTGCTGAAA-1	0
AACGGACGTACGTATA-1	0
AACGGCCATCTCCGGT-1	1
AACGTACTGTGGGTAC-1	1
AACGTCAGACTAGTGG-1	2
AACGTCATCCGGCTTG-1	4
AACGTCGCTGCACTTC-1	0
AACGTGATGAAGGACA-1	0
AACGTGCGAAAGTCTC-1	0
AACTACCCGTTTGTCA-1	1
AACTAGCGTATCGCAC-1	3
AACTAGGCTTGGGTGT-1	0
AACTCAAGTTAATTGC-1	2
AACTCCAGAGCGTGTT-1	0
AACTCCTAATCCCATG-1	4
AACTCGATGGCGCAGT-1	1
AACTCTCAATAGAGCG-1	4
AACTCTCAGTGTGCTC-1	1
AACTGAGGTCAGCGTC-1	4
AACTGAGTTATACTGA-1	2
AACTGATATTAGGCCT-1	3
AACTGGGTCCCGACGT-1	3
AACTGGGTTCGAGCCG-1	0
AACTGGTGTGGGCCTT-1	1
AACTTGCCCGTATGCA-1	1
AACTTTAGCTGCTGAG-1	2
AACTTTCTCGATCATG-1	1
AAGAAATCACCAGATT-1	1
AAGACATACGTGGTTT-1	3
AAGACCAAATAACTCA-1	2
AAGACCCAACTGAACA-1	0
AAGACTCACGCCCACT-1	4
AAGACTGCAAGCTACT-1	0
AAGAGATGAATCGGTA-1	2
AAGAGCTCTTTATCGG-1	0
AAGAGGATGTACGCGA-1	1
AAGAGGCATGGATCGC-1	4
AAGAGGCCCTTTGGAA-1	3
AAGATGGCACCGGACC-1	1
AAGCATACTCTCCTGA-1	4
AAGCCACTTGCAGGTA-1	1
AAGCCGAAGCGGTTTA-1	3
AAGCCGCCGTGAAATC-1	1
AAGCCGCTTTACCTTG-1	3
AAGCCGGAGAGCAGGA-1	1
AAGCGGAGTGCGCGCA-1	0
AAGCGGCGTCATGGGT-1	4
AAGCGTCCCTCATCGA-1	2
AAGCTAGATCGAGTAA-1	4
AAGCTCGTGCCAAGTC-1	0
AAGCTCTTTCATGGTG-1	4
AAGGAGAACTTATAAG-1	3
AAGGAGCGGTTGGTGC-1	1
AAGGATCGATCGCTTG-1	3
AAGGCAGGCTGTCTCC-1	3
AAGGCGCGTAAAGCTT-1	1
AAGGCTGTGCTCATCG-1	3
AAGGGAACGACTGGCT-1	2
AAGGGACTATGCATTC-1	2
AAGGGTTTGATTTCAG-1	2
AAGGTATCCTAATATA-1	0
AAGGTGATAAACCAGC-1	0
AAGTAGAAGACCGGGT-1	2
AAGTAGTGACGCGAGG-1	2
AAGTCAATTGTCGTCA-1	3
AAGTCTAGTAGCTGCC-1	3
AAGTCTTCTGTGGCCT-1	2
AAGTGACGACCGAATT-1	1
AAGTGAGTCGGGTTTA-1	0
AAGTGCCTTGACTGTA-1	4
AAGTGCGTTAGAATCT-1	1
AAGTGCTTCTCTATTG-1	3
AAGTTCAGTCTGCGTA-1	4
AAGTTCGGCCAACAGG-1	2
AAGTTGTGATGTTATA-1	0
AAGTTTACTAATGGCA-1	3
AATAACAACGCTCGGC-1	2
AATAACACTAGAACAA-1	1
AATAAGTCCTCGAGAC-1	3
AATAATCTTCGTATCG-1	2
AATACAATGTTTCAGG-1	2
AATACCGGAGGGCTGT-1	1
AATACCTGATGTGAAC-1	0
AATAGAACAGAGTGGC-1	2
AATAGAATCTGTTTCA-1	4
AATAGCTACCGCGTGC-1	0
AATAGGCACGACCCTT-1	1
AATAGTCCGTCCCGAC-1	0
AATATCAAGGTCGGAT-1	1
AATATCCTAGCAAACT-1	1
AATATCGAATCAATGC-1	3
AATATCGAGGGTTCTC-1	0
AATATTGGAGTATTGA-1	2
AATCAGGTTTCATTTA-1	3
AATCATGTAAAGACTC-1	0
AATCCAAGGGCCTGAG-1	2
AATCCCGCTCAGAGCC-1	0
AATCGAGGTCTCAAGG-1	0
AATCGCCTCAGCGCCA-1	0
AATCGCGCAGAGGACT-1	3
AATCGGGACACTACGA-1	3
AATCGGTATAGCCCTC-1	0
AATCGTGAGCCGAGCA-1	4
AATCTAGGTTTACTTG-1	1
AATCTATGCCGGAGCC-1	0
AATCTCTACTGTGGTT-1	2
AATCTGGCTTTCTAGT-1	1
AATCTGGGTAGACCCT-1	4
AATGACAGCAATGTCT-1	2
AATGACTGTCAGCCGG-1	2
AATGATGCGACTCCTG-1	0
AATGCAACCGGGTACC-1	3
AATGCACCAAGCAATG-1	4
AATGGTCCACCGTTCA-1	2
AATGGTTCTCACAAGC-1	1
AATGTATGGCACTGTA-1	2
AATGTGCCCGAGGTGT-1	2
AATGTGCTAATCTGAG-1	3
AATGTTAAGACCCTGA-1	0
AATGTTGTCGTGAGAC-1	0
AATTAAAGGTCGGCGT-1	1
AATTAACGGATTTCCA-1	4
AATTACGAGACCCATC-1	1
AATTAGCGCTGCAGCG-1	0
AATTATACCCAGCAAG-1	0
AATTCATTGTCATGCA-1	2
AATTCCAAGCATGTAC-1	0
AATTCTAGAGTTAGGC-1	0
AATTGCAGCAATCGAC-1	0
AATTGCGTGGATTACA-1	2
AATTGTGGTTGCCAAA-1	3
AATTTGGGACATAGTA-1	4
AATTTGGTTCCAAAGA-1	3
ACAAACCATGCGTCCT-1	1
ACAAACTCCATCAGAG-1	1
ACAAAGAAGGTAGGCC-1	2
ACAAAGCATGACCTAG-1	0
ACAAATCGCACCGAAT-1	4
ACAAATGGTAGTGTTT-1	4
ACAACAGCATGAGCTA-1	3
ACAACGGTCCCTGCGA-1	1
ACAAGCAGTGCCTAGC-1	2
ACAAGGACAAGAGGTT-1	1
ACAAGGATGCTTTAGG-1	4
ACAAGTAATTGTAAGG-1	1
ACAATAGTCGTACGTT-1	1
ACAATCCATTTAAACC-1	2
ACAATCGATCTTTATA-1	3
ACAATGAATACGGAGA-1	2
ACAATGATTCTTCTAC-1	4
ACAATTGTGTCTCTTT-1	0
ACAATTTGAGCAGTGG-1	4
ACAATTTGGCCATATT-1	2
ACACAAAGACGGGTGG-1	3
ACACAAATATTCCTAG-1	3
ACACACCAGGACCAGT-1	4
ACACACTTTCTACACG-1	3
ACACATGATCAAATCT-1	1
ACACCACATAATTAGC-1	3
ACACCCAGCATGCAGC-1	1
ACACCCGAGAAATCCG-1	2
ACACCGGTCTGACCGC-1	2
ACACCTTAAGTAGGGC-1	1
ACACCTTACTACTTGC-1	3
ACACGAGACTCCTTCT-1	1
ACACGGCACTATGCAT-1	3
ACACGGGAACTTAGGG-1	1
ACACGTAGGCCACAAG-1	0
ACACTGATCAAGGTGT-1	3
ACACTGGGACAGTCGT-1	1
ACAGAACTGAGAACAA-1	2
ACAGATTAGGTTAGTG-1	3
ACAGCATAGAGCCAGT-1	1
ACAGCGACATTCTCAT-1	0
ACAGCGCACCCGCAGC-1	0
ACAGGCACGGATCCTT-1	0
ACAGGTGGAGGTGAGG-1	1
ACAGTAATACAACTTG-1	2
ACAGTATACCGTGGGA-1	0
ACATAAGTCGTGGTGA-1	2
ACATAATAAGGCGGTG-1	1
ACATACAATCAAGCGG-1	4
ACATCAGCTGGGACGC-1	2
ACATCCCGGCCATACG-1	0
ACATCCTGGTAACTGT-1	4
ACATCGATCGTTTACC-1	3
ACATCGCAATATTCGG-1	1
ACATCGGTCAGCCGCG-1	2
ACATCGTTAACCTAGT-1	3
ACATCTCAACGCGTAA-1	0
ACATGCTTACGGCAGC-1	1
ACATGGCGCCAAAGTA-1	3
ACATTAGTTTATATCC-1	0
ACATTCGCGCGGAATA-1	1
ACATTTGAAACCTAAC-1	0
ACCAAACACCCAGCGA-1	0
ACCAAACTAGAAATCC-1	3
ACCAACACCACACACT-1	1
ACCAACCGCACTCCAC-1	0
ACCAACGCTTATTTAT-1	1
ACCAAGAACGCGTGTC-1	2
ACCAAGTCATCGGCAG-1	0
ACCACAACTCAGAACA-1	3
ACCACAAGTTTCTATC-1	3
ACCACACGGTTGATGG-1	0
ACCACCAATGTAACAA-1	0
ACCACCCTCTCTTCTA-1	3
ACCAGACCATAACAAC-1	2
ACCAGCCCGGTCTTTG-1	3
ACCAGGAGTGTGATCT-1	2
ACCAGTGCGGGAGACG-1	0
ACCATATCCGCAATAA-1	1
ACCATCCGCCAACTAG-1	2
ACCATCGTATATGGTA-1	3
ACCCACCTACATGCTC-1	2
ACCCATCTTGAGGGTA-1	2
ACCCATTTGTCCCTCT-1	3
ACCCGAGCGAAATTAC-1	2
ACCCGATTGGTTCCGA-1	3
ACCCGGAAACTCCCAG-1	4
ACCCGGAGCACCACAA-1	3
ACCCGGATGACGCATC-1	0
ACCCGGTTACACTTCC-1	1
ACCCGTAGCAGAGAAT-1	1
ACCCGTAGTCTAGTTG-1	1
ACCCGTGTCATCAGTA-1	0
ACCCTATGCCATATCG-1	1
ACCCTCCCGTCAGGGC-1	0
ACCCTGGTAACGCCCT-1	1
ACCCTTCATCTGCGAA-1	3
ACCCTTGCCTGGGTCG-1	3
ACCCTTTAGTTCTCCA-1	3
ACCGAAAGGGCCCTGC-1	2
ACCGAAGAGTCTGGTT-1	1
ACCGACACATCTCCCA-1	4
ACCGACTGAGTCCCAC-1	3
ACCGAGTCTCCTTATT-1	4
ACCGATAGGCATAACC-1	3
ACCGATATTTAATCAT-1	1
ACCGATGGTAGCATCG-1	4
ACCGCGGTGGAAGTCG-1	3
ACCGCTAGTCATTGGT-1	1
ACCGGGCCTTTGTTGA-1	3
ACCGGTCAGGTACACC-1	2
ACCGGTCTGAGTACGG-1	4
ACCGTCCACTGGGCCC-1	1
ACCGTGACCACGTGGG-1	1
ACCGTTCCCGCTCTGA-1	1
ACCTAAGTACCTTTCA-1	1
ACCTAATCGACTTCCT-1	1
ACCTACAGTATGTGGT-1	3
ACCTACTATAAATCTA-1	0
ACCTCCGCCCTCGCTG-1	3
ACCTCCGTTATTCACC-1	0
ACCTCGAACTTATGCT-1	1
ACCTGCGTGTCATGTT-1	2
ACGAAATGGGCGGCAC-1	1
ACGACCCATGAGTTGC-1	2
ACGACTCTAGGGCCGA-1	0
ACGACTGGTCATACTC-1	3
ACGAGAACCCATCACG-1	2
ACGAGATATTTGCTTA-1	0
ACGAGGATACCACTCT-1	2
ACGAGGTTTACAACGT-1	2
ACGAGTACGGATGCCC-1	0
ACGATACATAGAACTA-1	0
ACGATCATACATAGAG-1	3
ACGATCATCTTGTAAA-1	0
ACGATGCATATGTTAT-1	1
ACGATGGATCCGATGC-1	3
ACGCAAACTAATAGAT-1	3
ACGCAATCACTACAGC-1	0
ACGCATACGTTTACTA-1	0
ACGCATTCGTGAGTAC-1	3
ACGCCACTCGAAACAG-1	4
ACGCCAGATGATTTCT-1	3
ACGCCAGTGCGTTTGC-1	0
ACGCCCAGCTGTCGAT-1	3
ACGCCGCTAGACGACC-1	0
ACGCGAAGTCAGACGA-1	0
ACGCGCTACACAGGGT-1	1
ACGCGGGCCAAGGACA-1	3
ACGCTACTGAATGGGC-1	1
ACGCTAGTGATACACT-1	4
ACGCTGTGAGGCGTAG-1	2
ACGCTTAGTGTCTCTC-1	3
ACGGAACACGAGTGCC-1	3
ACGGAATTTAGCAAAT-1	2
ACGGACGCAGCGACAA-1	1
ACGGAGCGCAAATTAC-1	0
ACGGCACTTGCTTGGG-1	0
ACGGCCAACATGGACT-1	0
ACGGCTGGATGTAGAA-1	2
ACGGGAGTGTCGGCCC-1	2
ACGGGCGTATGCGACA-1	3
ACGGTACAGTTCAATG-1	0
ACGGTCACCGAGAACA-1	1
ACGTACAGATTTCTCT-1	3
ACGTACTTTGGCACGG-1	3
ACGTAGATTGCTGATG-1	3
ACGTATTACTCCGATC-1	0
ACGTCGGGCAACTCGG-1	2
ACGTCTCGTTCCGGGA-1	2
ACGTGACAAAGTAAGT-1	2
ACGTGCGCCTCGTGCA-1	3
ACGTGGTCGAATGTGC-1	1
ACGTTAATGTCGAAGA-1	0
ACGTTAGATTTGCCCG-1	1
ACGTTCACTATGCCGC-1	0
ACGTTCCGCGCTCCGT-1	1
ACGTTCGCAATCAATT-1	3
ACGTTCGTTCAGGAAA-1	3
ACGTTCTGTACAAGTC-1	0
ACGTTGTCGTTGAAAG-1	1
ACGTTTAGTTGTGATC-1	0
ACTAAGGACGCACACC-1	0
ACTAATACGTCAGGCG-1	4
ACTACAAAGAGAGGTG-1	0
ACTACATCCCGACAAG-1	2
ACTACCAGCTCTCTGG-1	1
ACTACCATCCGAGGGC-1	1
ACTACGCGTTAGAATT-1	0
ACTAGTTGCGATCGTC-1	3
ACTATCCAGGGCATGG-1	1
ACTATCTGCCCGCGTA-1	3
ACTATGTCCAGCTGCC-1	2
ACTATTCGTCCGTGGT-1	0
ACTATTTCCGGGCCCA-1	1
ACTCAACGAATGTATT-1	2
ACTCAAGTGCAAGGCT-1	4
ACTCAATAAAGGCACG-1	3
ACTCAGACCTGCTTCT-1	2
ACTCATGGCAGCCTTC-1	2
ACTCCAATATCATCAT-1	1
ACTCCCATTCCTAAAG-1	1
ACTCCCGAATTCGTTT-1	0
ACTCCCGTAGACTAGG-1	1
ACTCCCTAATGCTAAA-1	4
ACTCCCTAGAATAGTA-1	4
ACTCCGGCCGACCACT-1	0
ACTCGCCGTTCGATAA-1	0
ACTCGCGATCTGACGC-1	2
ACTCGTAACCCGTCCT-1	2
ACTCGTCAGTAATCCC-1	0
ACTCTCTTATACACGA-1	0
ACTCTGACCTAATAGA-1	0
ACTCTTCAGCTCCCGC-1	1
ACTCTTGTATAGTAAC-1	0
ACTGAAACGCCGTTAG-1	0
ACTGAATGGCGAAAGT-1	4
ACTGATTTAGTGATTC-1	3
ACTGCCCGCCATTCTC-1	1
ACTGCCGTCGTAACTC-1	3
ACTGCGGACACACCGT-1	1
ACTGCTCGGAAGGATG-1	2
ACTGGCGAACCTGCGT-1	0
ACTGGGATGCCAGTGC-1	0
ACTGTACGATACACAT-1	0
ACTGTAGCACTTTGGA-1	1
ACTGTATACGCGAGCA-1	2
ACTGTCCAGGATTATA-1	1
ACTGTCTTCTTTAGAA-1	3
ACTGTGCTAGTAGATC-1	0
ACTGTTTAGTGTAGGC-1	3
ACTTAGTACGACAAGA-1	2
ACTTATTAGGATCGGT-1	3
ACTTATTTATGTGCCA-1	0
ACTTCAGGCTGATCCC-1	4
ACTTCCAGTGGAAGCT-1	2
ACTTCCATGCGGGACA-1	4
ACTTCCTGTCGTGCGA-1	4
ACTTCGCCATACGCAC-1	0
ACTTCGCTAGCGAGTG-1	1
ACTTGACTCCCTCTTT-1	0
ACTTGCCATATTGTAC-1	3
ACTTGGGACCCGGTGG-1	1
ACTTGGGCTTTCGCCA-1	4
ACTTGTAGTCCCTTCA-1	1
ACTTGTGGATGGAACG-1	3
ACTTGTTACCGGATCA-1	0
ACTTTACCCTCATGAA-1	0
ACTTTATACACCACTT-1	2
ACTTTCCTATAGCTTC-1	3
ACTTTGACTGCATCCT-1	1
ACTTTGGTCGTGCTCC-1	1
ACTTTGTCGACGCACT-1	3
AGAAATTATGACTCGC-1	1
AGAACACGGCGATGGT-1	2
AGAACCCAGCGTGACA-1	2
AGAACCCTCAATTGGG-1	2
AGAACGTGGTACATTC-1	0
AGAACTGTACTTTGTA-1	0
AGAAGGTACACTTCAC-1	1
AGAAGGTTGCCGAATT-1	2
AGAAGTGATTCGTGAT-1	2
AGAATAAATCTTCAGG-1	2
AGAATACAGGCTATCC-1	4
AGAATGCGGGTTCGGA-1	0
AGAATTATGGATTCGA-1	4
AGAATTGTTTGACATA-1	2
AGACAGGCATCTCAGC-1	2
AGACATAGATCCTTCC-1	1
AGACCAAACCACACCT-1	2
AGACCATGGGATACAA-1	2
AGACCCACCGCTGATC-1	0
AGACCCGCCCTCCTCG-1	3
AGACCGCTCCGCGGTT-1	1
AGACCGGGAAACCCTG-1	3
AGACGAAGTGCCGGTC-1	0
AGACGACGATGCCGCT-1	2
AGACGCCCACTTCGCC-1	3
AGACTAGCCTTCCAGA-1	1
AGACTGTTACCGGGTC-1	3
AGAGAAACACCAGAAA-1	3
AGAGAAGGAGTACAAT-1	1
AGAGATCTCTAAAGCG-1	1
AGAGCAGTTATGAGAC-1	2
AGAGCCGCCGAGATTT-1	0
AGAGCGCTTGTAACGG-1	1
AGAGCGGGCTAATCAT-1	3
AGAGCGTACAAGCTCG-1	2
AGAGGCTTCGGAAACC-1	0
AGAGGGACAATTGTCC-1	4
AGAGGTATCTCGGTCC-1	2
AGAGTAAACTTCACTA-1	3
AGAGTATAGTGTTACG-1	3
AGAGTGAACAGACACC-1	0
AGAGTTAGAGACCGAT-1	4
AGAGTTGCAGGCCTCC-1	0
AGATAACTTCAGGGCC-1	1
AGATAATCACACCTAT-1	1
AGATACCAATAGAACC-1	3
AGATACCAGCACTTCA-1	4
AGATACCGGTGTTCAC-1	1
AGATACGACTTCATAT-1	2
AGATACTCAAGATCGA-1	4
AGATCTCAGGTGTGAT-1	0
AGATCTGGAGAGGATA-1	1
AGATGACTCGCCCACG-1	3
AGATGATGGAGTCTGG-1	0
AGATGCAAGACGTGCA-1	2
AGATGCATCCTGTGTC-1	2
AGATTATAGGACGTTT-1	1
AGATTCACAACCGATA-1	2
AGCAACATATCTTATT-1	0
AGCAACCGAAAGTAAT-1	2
AGCACACGTTTAGACT-1	2
AGCACCAGTACTCACG-1	3
AGCACTACCGGCCTGT-1	1
AGCACTTAAGGACGCC-1	1
AGCAGAAGGAGAAAGA-1	4
AGCAGCCAGATGAATA-1	0
AGCAGTCGAAGCATGC-1	0
AGCATATCAATATGCT-1	0
AGCATCATTTCGAAAG-1	2
AGCATCGTCGATAATT-1	3
AGCATTACGAGGCAAG-1	0
AGCCAAGCTTTGTGTC-1	0
AGCCACAGGTTACCCG-1	0
AGCCACTCCCGTGCTT-1	0
AGCCATATAGTATGTG-1	4
AGCCCATACATGTAAG-1	1
AGCCCGCAACAAGCAG-1	0
AGCCCGCACTACAATG-1	3
AGCCCGGCATTAGAGG-1	2
AGCCCGGTAGCCTGTA-1	3
AGCCCTAAGCGAAGTT-1	3
AGCCCTCCCTGGTGGC-1	3
AGCCCTGTCGCACCGT-1	2
AGCCCTTCTAATCCGA-1	0
AGCCCTTGGACATCCC-1	3
AGCCGCAAATTCAAAT-1	1
AGCCGTGGCTAAATGT-1	3
AGCCTAATACCCACGT-1	2
AGCGACAGGAACGGTC-1	2
AGCGACATCCCATTCA-1	3
AGCGACCAACGATATT-1	3
AGCGACTTTGAAGACA-1	0
AGCGAGACGTGAAGGC-1	2
AGCGATGCGCCTAATA-1	0
AGCGCATAATGAATCG-1	0
AGCGCTAGAGCGATGT-1	2
AGCGGACACTTCGTAG-1	0
AGCGGCGGTTAGCGGT-1	1
AGCGGGAAGGGTCCAT-1	1
AGCGGGTCTGACACTC-1	4
AGCGGTTGCCGCTCTG-1	1
AGCGTCTGAACCCGCA-1	2
AGCGTGGTATTCTACT-1	0
AGCGTTCCGATTTAAA-1	4
AGCTAACAAGCAATGT-1	1
AGCTAAGCTCCGTCCG-1	1
AGCTAAGTACGCAGGC-1	0
AGCTAGAAGCAGAAGT-1	4
AGCTATTTAATCCAAC-1	3
AGCTCCATATATGTTC-1	1
AGCTCGTTGATGGAAA-1	3
AGCTCTAGACGTTCCA-1	0
AGCTCTTCCCAGTGCA-1	4
AGCTCTTCGTAACCTT-1	3
AGCTCTTTACTCAGTT-1	1
AGCTGAAGTAAACCAA-1	0
AGCTGTAACCTCAATC-1	2
AGCTTATAGAGACCTG-1	2
AGCTTCTTCTCGAGCA-1	0
AGCTTGATCAGGGTAG-1	2
AGCTTGATCTTAACTT-1	2
AGGAACGAACGACTTC-1	3
AGGACAGTCGAATCCC-1	4
AGGACATCGCACGTCG-1	1
AGGACATCGGCACACT-1	1
AGGACGACCCATTAGA-1	1
AGGAGACATCCACAGT-1	0
AGGAGAGTCTGGCTAC-1	2
AGGAGGCCTTCGCGCG-1	0
AGGATAAAGTCGGGAT-1	0
AGGATATAGGGATTTA-1	0
AGGATATCCGACTGCA-1	0
AGGATCACGCGATCTG-1	1
AGGATTGCTTACGACA-1	3
AGGCACGTGACTGTCC-1	1
AGGCAGGGAGCGTACT-1	0
AGGCATTGTCGTAGGG-1	0
AGGCCACATTGGTTAC-1	2
AGGCCACCCGTTATGA-1	2
AGGCCCATTGTACAGG-1	3
AGGCCCTAGAACGCCA-1	2
AGGCCTATCATACCAA-1	0
AGGCCTGAGAATCTCG-1	0
AGGCGATAACTGGCGT-1	1
AGGCGGTTTGTCCCGC-1	1
AGGCGTCTATGGACGG-1	4
AGGCTATGGTTAGCTT-1	1
AGGCTTCCCGAAGAAG-1	1
AGGCTTGCTAGACACC-1	2
AGGGAAACGAGGTACT-1	0
AGGGACAGCACGGCGG-1	2
AGGGACCGGCTGCGTT-1	3
AGGGACTCTACGCGAC-1	1
AGGGAGACATACTTCG-1	0
AGGGCAGCGGCGTGGT-1	3
AGGGCCCTAATGTTCT-1	3
AGGGCGAGCAGCTGAT-1	1
AGGGCGTGATCGGCTA-1	2
AGGGCTGCAGTTACAG-1	4
AGGGTCAGAGCACTCG-1	3
AGGGTCAGTAACCCTA-1	0
AGGGTCGATGCGAACT-1	0
AGGGTCTGGACGCAGT-1	3
AGGGTGCCGTTCTTTA-1	1
AGGGTTCAGACGGTCC-1	3
AGGGTTTAGTTCGGGA-1	1
AGGTAACCTCCTATTC-1	2
AGGTACGATATTGCCA-1	0
AGGTAGATCGAGATAT-1	1
AGGTAGGTACAAAGCT-1	2
AGGTATAATTGATAGT-1	3
AGGTATGCGGACATTA-1	2
AGGTCAGGTGAGAGTG-1	2
AGGTCGCCTCCCAACA-1	1
AGGTCGCGGAGTTACT-1	0
AGGTGCACGTCCACAT-1	0
AGGTGGTGACCTTCGC-1	0
AGGTGTATCGCCATGA-1	2
AGGTGTTGCCGACCAC-1	2
AGGTTACACCATGCCG-1	3
AGGTTCTCCTTTCCGG-1	1
AGGTTGAGGCACGCTT-1	3
AGGTTTCACACACCTT-1	0
AGTAACGTTCATCCTG-1	4
AGTAACTATAGCAGCC-1	0
AGTAATCTAAGGGTGG-1	0
AGTAATGTCTTGCCGC-1	3
AGTAATTTGCAAGCGT-1	2
AGTACAGAAGCTTATA-1	4
AGTACATCATTTATCA-1	4
AGTACCTTCGAGTGCT-1	4
AGTACGGCCCGTATCG-1	2
AGTACGGGCACCTGGC-1	0
AGTACGTGGCCTGTCT-1	0
AGTACTCTTATGCCCA-1	4
AGTAGAAGGCGCCTCA-1	4
AGTAGCGTGAACGAAC-1	3
AGTAGGTAACATACAT-1	2
AGTATAATACTAGGCA-1	2
AGTATACACAGCGACA-1	1
AGTATGCTGGAGACCA-1	1
AGTATTTGGCACGACC-1	0
AGTCAAATGATGTGAT-1	3
AGTCAACACCACCATC-1	2
AGTCAAGATGACACTT-1	0
AGTCACTAGCTCTCGA-1	0
AGTCAGCCACCGCCTG-1	2
AGTCCATTGGCTGATG-1	0
AGTCCCTCGCAGAAAG-1	1
AGTCGAAACGATTCAG-1	1
AGTCGACGGTCTCAAG-1	4
AGTCGGCCCAAACGAC-1	1
AGTCGGCTCAACTTTA-1	1
AGTCGGTTGCGTGAGA-1	3
AGTCGTATAAAGCAGA-1	4
AGTCGTCGACCACCAA-1	0
AGTCGTGGGCATTACG-1	1
AGTCTAAAGTATACTC-1	3
AGTCTCACAAGACTAC-1	2
AGTCTGGACATCCTTG-1	4
AGTCTTCTCCTCAAAT-1	0
AGTCTTTAAAGTGTCC-1	4
AGTGAACAAACTTCTC-1	3
AGTGAAGATGGTGTCC-1	3
AGTGACCTACTTTACG-1	1
AGTGACTGTGACACAA-1	1
AGTGAGCCTCGCCGCC-1	0
AGTGAGGGTTTCTGAC-1	0
AGTGAGTCGAATTAAC-1	0
AGTGATAACCTGCGCG-1	0
AGTGATATGAGTAGTT-1	3
AGTGCACGCTTAAGAA-1	0
AGTGCGTAGCTCGTAA-1	1
AGTGCTAAACACAGCA-1	0
AGTGCTTGCACGAATA-1	4
AGTGGCCCGCAAATGG-1	0
AGTGGCGTCTGAAGGT-1	4
AGTGGCTCCGTCGGCC-1	2
AGTGGTGTTACCCGTG-1	1
AGTGGTTGCGTATAGG-1	1
AGTGTATTGCGCATTG-1	4
AGTGTGGTCTATTGTG-1	2
AGTTAAACACTTGCGA-1	2
AGTTAAGCGGTCCCGG-1	0
AGTTAAGTCAACCGCT-1	2
AGTTACCGCACATGGT-1	2
AGTTACTCTATCGTGG-1	0
AGTTCCTACAGAATTA-1	1
AGTTCCTATTTATGTT-1	0
AGTTGACGGTCCTTGC-1	4
AGTTGCGGTCCTCAAC-1	1
AGTTGGCAAGGCTAGA-1	0
AGTTTATGTAAAGACA-1	1
AGTTTCGCAGGTCGGA-1	2
AGTTTGGCACGGGTTG-1	3
AGTTTGGCCAGACCTA-1	2
ATAAACCATTGGACGG-1	1
ATAAACGGACCCGTAA-1	0
ATAAACGTTGCACCAC-1	3
ATAAAGGCTCGGTCGT-1	1
ATAAAGGTCAAGTACG-1	3
ATAAATATTAGCAGCT-1	2
ATAACGCCGGAGGGTC-1	4
ATAACGGAGTCCAACG-1	0
ATAACGTTACCTCCAC-1	0
ATAAGCAAACACCGAG-1	0
ATAAGGTGGAGAACAT-1	4
ATAAGTACCCGATTGT-1	0
ATAAGTAGGATTCAGA-1	0
ATAAGTAGGGCGACTC-1	3
ATAAGTTACCGCGACG-1	1
ATAATAGCTGTTGAAT-1	3
ATAATAGTGTAGGGAC-1	2
ATAATTAGCTAAGTAG-1	4
ATACCACGGGCAACTT-1	1
ATACCAGCAAATTGCT-1	1
ATACCAGGCTAATAGA-1	3
ATACCCTCCCGGCCAA-1	2
ATACCGTCATCCATAA-1	0
ATACCTAACCAAGAAA-1	4
ATACGAAGGCTTTCCA-1	2
ATACGAGGTTTGTAAG-1	0
ATACGCCGGCGAAACC-1	4
ATACGGAACGTCGTTT-1	2
ATACGGGTTTCGATTG-1	0
ATACGGTGAAGATGCA-1	1
ATACGTCCACTCCTGT-1	0
ATACGTTATGCACGGA-1	4
ATACTACCCGTACCAC-1	1
ATACTAGCATGACCCT-1	3
ATACTTGTTCTCGAGC-1	1
ATAGACAACGGGACCT-1	4
ATAGACGAAGAGAAAG-1	1
ATAGAGTACTGGGACA-1	1
ATAGCAACTAGGGAAG-1	0
ATAGCCATAACAGTCA-1	3
ATAGGCGGCTATAGAA-1	2
ATAGGGATATCCTTGA-1	3
ATAGGTTGGGCAGATG-1	3
ATAGTCTTTGACGTGC-1	1
ATAGTGAAGCGTTCTC-1	1
ATAGTTCCACCCACTC-1	0
ATATAAAGCGCTCGTG-1	4
ATATAACACGGGCGCA-1	0
ATATACATGTATGGTA-1	2
ATATACGCTCGTGACG-1	0
ATATAGAGTATTGGTC-1	1
ATATCAACCTACAGAG-1	0
ATATCAATTCCAGCCT-1	1
ATATCGGTAGGGAGAT-1	1
ATATCGTGCCAGACCC-1	3
ATATCGTTCCTCGAAC-1	0
ATATCTCCCTCGTTAA-1	4
ATATCTTAGGGCCTTC-1	1
ATATGGGATAGCAACT-1	0
ATATGTCTAGAGCGTG-1	4
ATATGTCTCCCTAGCC-1	0
ATATGTGCACAAACCA-1	0
ATATTCAGTTAAACCT-1	1
ATATTCCCACAGGTCA-1	3
ATATTGCTGTCAAAGT-1	2
ATATTGGAGAGGCCTT-1	3
ATATTTAACCCTCAAG-1	3
ATCAAACACTGTTCCA-1	3
ATCAAACGAAGGTTTG-1	1
ATCAAAGAGCCGTGGT-1	4
ATCAAGATCCCAGGAC-1	4
ATCAATCTGGGCTGCA-1	3
ATCAATGCCGTGGCTG-1	1
ATCACATTAGAATATC-1	0
ATCACGTGCTAATTAA-1	2
ATCACTTCATCCTCGC-1	3
ATCAGACGGCACGCCG-1	2
ATCAGCCTCATGCTGC-1	4
ATCAGCTCGTCCACTA-1	1
ATCAGGTAGCTGACAG-1	2
ATCATAGATCGACGAG-1	3
ATCATAGCCCTATGTA-1	0
ATCATCCAATATTTGT-1	3
ATCATCTGCCCAGTGT-1	0
ATCATGGACTACCGAC-1	1
ATCATTGTACCGCATT-1	1
ATCCAACGCAGTCATA-1	3
ATCCAATGGAGGGTCC-1	1
ATCCAATGGTACCGAA-1	2
ATCCACGCTAAATGTT-1	3
ATCCACTTTCAGACTA-1	4
ATCCAGAGCAACAACC-1	3
ATCCAGGATTCGTGAA-1	1
ATCCCATCCACAGCGC-1	2
ATCCCATTTCCGTGGG-1	0
ATCCGGACCAGCCTGA-1	2
ATCCTACCTAAGCTCT-1	1
ATCCTGAATCGCTGCG-1	2
ATCCTGCGTGGAATGG-1	1
ATCCTGCTGCAGATAG-1	2
ATCCTTCTGAAAGAAC-1	2
ATCGACCCAATACAGA-1	3
ATCGACTCTTTCCGTT-1	3
ATCGCACGCCGGGAGA-1	3
ATCGCCAGTCAACATT-1	4
ATCGCCGTGGTTCATG-1	2
ATCGCTGCGTGCAGCA-1	0
ATCGCTTTACGTCTCA-1	2
ATCGGTTACCTAGTAA-1	2
ATCGTGGAAAGTCTGG-1	2
ATCGTTAGCTAGCGGA-1	0
ATCTAATATCCTACGG-1	4
ATCTACCATCTGCTCC-1	0
ATCTAGCTTGTGAGGG-1	4
ATCTCCCACGGAATAT-1	0
ATCTCCCTGCAATCTA-1	3
ATCTCGTGAGCGAAAC-1	1
ATCTGACATGGAAGGA-1	0
ATCTGCACCTCTGCGA-1	0
ATCTGCTGTTATCGCC-1	0
ATCTGGGCTGTTCTTG-1	4
ATCTGGTTAAGACTGT-1	0
ATCTGTAATTGTACCC-1	3
ATCTTAGGGCATTAAT-1	1
ATCTTATCGCACACCC-1	0
ATCTTGACCTGCAACG-1	2
ATCTTGACTTGTCCAA-1	4
ATCTTTCGTATAACCA-1	3
ATGAAGCCAAGGAGCC-1	1
ATGACGCCGGCTCTAA-1	3
ATGACGCGTTCTATCC-1	1
ATGACTATCAGCTGTG-1	3
ATGACTATGCGACATT-1	4
ATGAGGAGTGTTAATC-1	2
ATGAGGGCAGCGGCTA-1	3
ATGATCGGGAATAGAC-1	3
ATGATGCAATGGTACA-1	1
ATGCACGCGCTGTTCA-1	2
ATGCACTACCGCATTG-1	1
ATGCATGATCCAGGAT-1	3
ATGCATTCCGTGATGG-1	2
ATGCCAATCGCTCTGC-1	0
ATGCCATTTGCGACCA-1	0
ATGCCGGTCTTGCATA-1	0
ATGCCGGTTGATGGGA-1	0
ATGCGACAATTGGTCC-1	0
ATGCGACAGTCCCATT-1	0
ATGCGAGTCCCACCAC-1	3
ATGCTCAGTGTTGCAT-1	2
ATGCTTAGGAGTTGAT-1	1
ATGGAAATTTAAGGAG-1	1
ATGGAACAGAATAAAC-1	4
ATGGAACCTTTGCACA-1	2
ATGGACTGCTTAGTTG-1	1
ATGGAGCAGGCCGTGA-1	1
ATGGATCCGGCGTCCG-1	3
ATGGATTGACCAAACG-1	3
ATGGCAGCATTACGAT-1	2
ATGGCAGCCGAGAAAC-1	2
ATGGCGGAATAGTCGC-1	1
ATGGCTGGAAATGGCC-1	4
ATGGGAACGGAAGCGG-1	0
ATGGGACCTGCTGAAC-1	2
ATGGGCCTCGGCCTCT-1	0
ATGGGTGTATACCTCC-1	2
ATGGTATTGGGAACCG-1	4
ATGGTATTTACTGATT-1	2
ATGGTCGCGTGGTTTC-1	4
ATGTAAGGCTGCTCTT-1	3
ATGTACATGCGGTGAG-1	3
ATGTACGATGACGTCG-1	4
ATGTCATAATAAACGA-1	4
ATGTCTTGTTTGACTC-1	3
ATGTGAAAGCCTAATG-1	2
ATGTGCATCCGACGCA-1	1
ATGTGGACATCTTGAT-1	4
ATGTGTAGTTTAGTCA-1	2
ATGTTACGAGCAATAC-1	2
ATGTTCGTCGACCCAC-1	2
ATGTTGATTAGAGACT-1	0
ATGTTGTAGTCTGTTT-1	0
ATGTTTCGGCCCGGAG-1	2
ATTAAACATGCGGACC-1	3
ATTAATACTACGCGGG-1	3
ATTAATGAACCAGTCG-1	0
ATTAATTCGGTCACTC-1	3
ATTACAACTACCGGCC-1	4
ATTACATGTCAGTCTT-1	4
ATTACCACACTGCCTG-1	3
ATTACGACTCCACAGT-1	0
ATTACGCGCTGGCAGG-1	2
ATTACGGGCTACGGTT-1	1
ATTACTAGCCTCTTGC-1	2
ATTAGATTCCTCAGCA-1	0
ATTAGATTGATAGCGG-1	1
ATTAGGCGATGCTTTC-1	3
ATTATACTTTGCTCGT-1	0
ATTATAGCTACTTTAC-1	0
ATTATCGGAATGTACG-1	0
ATTATCTCGACAGATC-1	3
ATTATGAGACCCAATT-1	1
ATTATGCCATAGGGAG-1	1
ATTATTATGTCCGTCA-1	1
ATTATTCAGAGTCACT-1	0
ATTCAACCATTTAAGG-1	0
ATTCACTGATGTTGGA-1	4
ATTCAGGATCGCCTCT-1	0
ATTCAGTAGCAGGGTC-1	1
ATTCATATACTGTCCA-1	3
ATTCATCGTTGAGGCA-1	0
ATTCCCACATAAACAA-1	2
ATTCCCGAAGGTACAG-1	2
ATTCCTAAGACGTGGA-1	1
ATTCCTCCGCCAGTGC-1	2
ATTCGACGCCGGGCCT-1	1
ATTCGCAGAGGACACT-1	3
ATTCGCGCCTTGAGAG-1	0
ATTCGTGCTATCTCTT-1	3
ATTCGTGTACCCATTC-1	4
ATTCTCGTCTCTTTAG-1	1
ATTCTGAGTATGAACT-1	3
ATTCTTCGTACTTATG-1	0
ATTGACCGGCGATGAC-1	4
ATTGACGTAACTCGGT-1	3
ATTGATCACCACATTT-1	1
ATTGATGAGTCCTAAC-1	0
ATTGCCTATTAGACCG-1	2
ATTGCCTTTATGTTTG-1	4
ATTGCGATCAGTAACT-1	0
ATTGCTGCTCCTCCAT-1	2
ATTGGATTACAGCGTA-1	0
ATTGGGAATATCTTGG-1	2
ATTGGGAGTTCTGTAA-1	1
ATTGGTTGTGCATTAC-1	0
ATTGTACAACTCGGCT-1	0
ATTGTCGCAATACCTT-1	0
ATTGTCTGTTTCATGT-1	0
ATTGTGACTTCGCTGC-1	0
ATTGTTCAACGATCCG-1	2
ATTTAACTCGTATTAC-1	2
ATTTACAGTTTACTGG-1	2
ATTTACTAAGTCCATT-1	0
ATTTATACTGGTAAAG-1	4
ATTTCATTATTTCGCG-1	4
ATTTCCGGGTTCTGCG-1	3
ATTTGCGCGAGTAGCT-1	1
ATTTGGAGATTGCGGT-1	2
ATTTGTTCCAGGGCTC-1	0
CAAACCATAAGCGTAT-1	4
CAAACGAGTATCGCAG-1	3
CAAACGGTCGCACTTT-1	2
CAAACGTGGTCTTGCG-1	3
CAAACTACGATAGAGA-1	0
CAAACTATTGAGCTTC-1	0
CAAACTCGCGACGCCG-1	3
CAAAGATTATTGGGCC-1	1
CAAAGGTCATCTGAAA-1	2
CAAAGGTTAAATTCAG-1	4
CAAATCTCTCACAAGG-1	1
CAAATGTCCTTCCGTG-1	1
CAAATTGGATTATGCC-1	1
CAAATTGTCAGCAAGC-1	2
CAACACATCTCCTGCC-1	3
CAACAGAATAACGCTA-1	4
CAACCAGTGGCCTACC-1	3
CAACCTACCGAGCAGT-1	0
CAACCTGAACCTGCCA-1	3
CAACGACCCGTTTACA-1	2
CAACGAGCTTATTATG-1	2
CAACGATCGATCCAAT-1	2
CAACGCGATGAGCCAA-1	1
CAACGGTTCTTGATAC-1	1
CAACGTGGTGGAGTCT-1	3
CAACTATATCGAATGC-1	0
CAACTCCAACGTTTAG-1	0
CAACTCCGTAACTTGC-1	1
CAACTCCTTGATCCCG-1	2
CAACTGAGGGTATGAC-1	0
CAACTGCTCATCCGAT-1	3
CAACTTGTAGTGGGCA-1	2
CAAGAAACCCTAAACT-1	4
CAAGACTCAGAAGCGC-1	1
CAAGAGGGCGGAGTAC-1	4
CAAGATATTATAACGT-1	4
CAAGCAACGTCGGAGT-1	2
CAAGCACCAAATGCCT-1	3
CAAGGATCGCATGTTC-1	0
CAAGGCCAGTGGTGCA-1	4
CAAGGTCCTATAGGCT-1	3
CAAGTAAGTGATAGAC-1	3
CAAGTCGTTGAAATCT-1	0
CAAGTGAACTTTGGTT-1	1
CAAGTGTGGTTGCAAA-1	0
CAATAAACCTTGGCCC-1	0
CAATACGAGAGTCTGA-1	2
CAATACGCTCTGAGGC-1	2
CAATATTCTTGACCTA-1	2
CAATCCCTATACCAGC-1	0
CAATCCTGCCGTGGAG-1	1
CAATGACCCTTAATTT-1	0
CAATGAGGTTCGACTA-1	0
CAATGGTCGGCCTGGG-1	2
CAATGTGCCAACCCTT-1	3
CAATTAAGGGTGATGA-1	3
CAATTGGGCCGCACTC-1	2
CAATTTCGTATAAGGG-1	3
CACAAACCGCAGAACT-1	3
CACAAGAAAGATATTA-1	0
CACAAGCTAAGAAAGG-1	1
CACAATGAGCTGCTAT-1	3
CACACACGCTAACGAG-1	3
CACACAGCTTGCGCTC-1	1
CACACAGGGATAGATT-1	1
CACACGTTTCAATGGG-1	0
CACACTTGTATTGCGA-1	0
CACAGAGACGAGGACG-1	2
CACAGCACCCACGGCA-1	3
CACAGCTAGGGAGTGA-1	3
CACAGGGCCATATAGT-1	0
CACAGGGCCGTTGTCA-1	0
CACAGTCCCGCTTCGC-1	3
CACAGTTCGCTTCCCA-1	3
CACATATTAGCAGGAT-1	4
CACATCGTGCACGCGC-1	1
CACATGATTCAGCAAC-1	3
CACATTTCTTGTCAGA-1	3
CACCAATCATCCGTCT-1	1
CACCACGCCACACAGA-1	2
CACCAGTCAGCATGCA-1	2
CACCATCGGAGGAGAC-1	1
CACCATGATCGCAAAG-1	0
CACCCAAATCTTATGT-1	3
CACCCACACGTCACCC-1	2
CACCCACGAGGCAATT-1	4
CACCCGCGTTTGACAC-1	1
CACCCGGTTTGTGACT-1	1
CACCCTTGGTGAGACC-1	2
CACCCTTTCCTCGCTC-1	1
CACCGATACACCGAGC-1	0
CACCGATGATGGGTAC-1	3
CACCGCCAGAAGGTTT-1	3
CACCGCCGACCAGCGA-1	3
CACCGCGTCCACTCTA-1	0
CACCGGAGATATCTCC-1	4
CACCGGGCATCACAAG-1	0
CACCGGTAGAGACATT-1	2
CACCGTATCCCATCCG-1	0
CACCGTTAGGGATCAC-1	1
CACCGTTGCGCGATAT-1	2
CACCTAATAGAGTCGT-1	1
CACCTAATCAGTTTAC-1	3
CACCTCGATGGTGGAC-1	1
CACCTTGCGAAACTCG-1	0
CACCTTGGCGCCTTTG-1	0
CACGAAAGTTAGTCCC-1	2
CACGACCACAGACTTT-1	4
CACGACTAAAGTTCTG-1	2
CACGAGCAAACCAGAC-1	1
CACGCACAGCGCAGCT-1	0
CACGCAGCGAGGCTTT-1	2
CACGCGGAACTGTTGC-1	3
CACGGACGTGGATGGC-1	3
CACGGCGCGCCAAAGG-1	4
CACGGGATTGAGGGTT-1	1
CACGTCAATCAATGGA-1	1
CACGTCGGCAACCTCT-1	1
CACGTCTATGATGTGG-1	4
CACGTTTCGTACACAC-1	0
CACTAAAGTTGCCTAT-1	1
CACTACGGGAGCTGCC-1	4
CACTACTCAGTTCTGT-1	3
CACTCAAGAGCTATGG-1	3
CACTCAGCTCTTGAGG-1	0
CACTCCTATGTAAGAT-1	1
CACTCCTCTCGGTCGG-1	0
CACTCGGTTAGGAGGA-1	2
CACTCTCAAGCATCGA-1	0
CACTCTTCTGCTAGCC-1	0
CACTGACGATTGTGGA-1	3
CACTGTCCAAGTGAGA-1	2
CACTTAATCAGACGGA-1	1
CACTTCGCCACAGGCT-1	1
CAGAATAACACACGGA-1	3
CAGAATATTCGTTATC-1	2
CAGACACCGATCGCTG-1	1
CAGACCTGTAAGTGTT-1	0
CAGACGAACCTGATAC-1	3
CAGAGACGGTCACCCA-1	0
CAGAGCATGAGCTTGC-1	0
CAGAGCGATGGATGCT-1	1
CAGAGGCGATGCATGA-1	1
CAGAGTGATTTAACGT-1	3
CAGATAATGGGCGGGT-1	0
CAGATACTAACATAGT-1	1
CAGATATGAAGATGAC-1	1
CAGATCATTTAAAGTC-1	0
CAGATCCTGGTTTGAA-1	2
CAGATGTTTGTCCCAA-1	2
CAGCAGCCCGTTCCTT-1	0
CAGCAGTCCAGACTAT-1	0
CAGCCCTCACAGGCAG-1	3
CAGCCGGGCCCTCTAT-1	0
CAGCCTCCTGCAGAGG-1	0
CAGCCTCGATAGCGGT-1	2
CAGCGATTCCCTTCAA-1	1
CAGCGCCAACACGATA-1	2
CAGCTCACTGAGACAT-1	3
CAGCTCGTGCTTGTGT-1	1
CAGCTCTGGGCTCACT-1	1
CAGCTGGCGTAACCGT-1	2
CAGCTTAGTAGGTAGC-1	2
CAGGAAGACTTTATAT-1	0
CAGGACAGCTGCCCTT-1	2
CAGGATATATCGTTGT-1	3
CAGGCAGTCTTACCAG-1	4
CAGGCCAGTACCACCT-1	2
CAGGCCGTTTGGGTGT-1	1
CAGGCGCACGGTGGTC-1	2
CAGGCGCCATGCTAGG-1	4
CAGGGAGATAGGCCAG-1	1
CAGGTTTAGTACTACA-1	0
CAGTAAGGGACGTCTC-1	2
CAGTAATCCCTCCCAG-1	2
CAGTACATTCTCTAAA-1	4
CAGTACCAGTTTACGT-1	2
CAGTCCAACGCCTTCT-1	0
CAGTCGAGGATGCAAT-1	4
CAGTCGGCCTAGATAT-1	1
CAGTCTGTATACTGGG-1	0
CAGTGAATAAATGACT-1	0
CAGTGGTTGCACATGA-1	0
CAGTGTCCGCAGAATG-1	1
CAGTGTCGGCTGGCCC-1	0
CAGTGTTAATCTCTCA-1	1
CAGTTCAAATTGACAC-1	3
CAGTTCCGCGGGTCGA-1	3
CAGTTCGAGGACCCGA-1	4
CATAACGGACAGTCGT-1	0
CATAAGCTCTCCGTCT-1	2
CATAATGAGCGGGCGA-1	2
CATACAAAGCCGAACC-1	2
CATACACAAAGTCAGC-1	2
CATACACGGTTCCCAC-1	0
CATACCCGTACCCAGT-1	2
CATACGAACTAGCTGG-1	3
CATACGGCGTCTGGGC-1	4
CATACTATGTAATTGT-1	1
CATACTTAGGCAATAC-1	3
CATACTTCTTTCTCCG-1	4
CATAGAGGAGATACTA-1	0
CATAGCCGCCCGGGAT-1	2
CATAGCGTTGCCCACC-1	1
CATAGGGACACTTGTG-1	1
CATAGTACATTGAGAG-1	3
CATAGTAGCATAGTAG-1	2
CATAGTCAAATACATA-1	0
CATAGTCCACAAGAAC-1	1
CATAGTGGGCACGCCT-1	1
CATATACTACTGATAA-1	4
CATATAGGTACAGTCA-1	1
CATATGTCAGGCTACG-1	2
CATATTATTTGCCCTA-1	3
CATCAAACTGGCGCCC-1	0
CATCATCTACCCGGAC-1	3
CATCATTACCCTGAGG-1	0
CATCCAATATAGTTTG-1	1
CATCCCGAGATTCATA-1	3
CATCCTCTCAAAGATC-1	0
CATCGCCCGCGGCCAA-1	1
CATCGGACGGGTTAAT-1	3
CATCTAGTGAAGGGAA-1	2
CATCTTACACCACCTC-1	0
CATGAACCGACATTTG-1	1
CATGAACCTCTTATCA-1	3
CATGACTTCGCTGAAT-1	0
CATGAGTCCATCACGG-1	2
CATGATACGGTGAAAC-1	0
CATGATCGCTTTGAGA-1	3
CATGATGCACAATTCT-1	3
CATGATGGAAGTTAGC-1	0
CATGCACATGAGAGGC-1	2
CATGCACGTGTTACTG-1	4
CATGCATGGAGACCCT-1	3
CATGCCAACTCGCAAA-1	2
CATGCGACCAGTTTAA-1	4
CATGCGTTAGACAGAA-1	3
CATGCGTTGAGAGGAG-1	3
CATGCTGGCTCCAATT-1	1
CATGGAAATGGGACCA-1	4
CATGGATTGTCTTCCG-1	3
CATGGCAGGAAGATCG-1	3
CATGGGTCGGGTGTGG-1	0
CATGGTAAGTAGCGTT-1	4
CATGGTATTAGTTTGT-1	3
CATGGTCTAGATACCG-1	3
CATGGTTTATTAATCA-1	0
CATGTAAGAGACATTT-1	0
CATGTAGGAGCGCCAA-1	0
CATGTCTCATTTATGG-1	4
CATGTGGGCTCATCAC-1	4
CATTACATAGATTGTG-1	3
CATTACGCAGGAAGGG-1	0
CATTACGTCGGCCCGT-1	1
CATTATCCCATTAACG-1	1
CATTATGCTTGTTGTG-1	3
CATTCACTGACAGCTA-1	3
CATTCCCATTCCGTCG-1	3
CATTCGTCGTAGCGGT-1	3
CATTGATGAACACGCC-1	1
CATTGCAAAGCATAAT-1	0
CATTGCGAAATGGGCG-1	2
CATTGCGGGTCAATTC-1	3
CATTTATCGTTCAAGA-1	3
CATTTCTAGCAGACTA-1	2
CATTTGAGTGGTACGT-1	3
CCAAACAGAACCCTCG-1	2
CCAAAGTCCCGCTAAC-1	1
CCAAATAACAAGATTC-1	1
CCAAATCAAAGGGCAA-1	1
CCAACCTTATGTAACT-1	3
CCAACGATGCACTGAT-1	2
CCAACTTGATAGATCC-1	1
CCAAGAAAGTGGGCGA-1	3
CCAAGACTTCTGCGAA-1	2
CCAAGCGTAACTCGTA-1	0
CCAAGGAACAGAGAGG-1	2
CCAAGGTTGCCCTTTC-1	0
CCAATCGGTAGATCGA-1	0
CCAATGTCACAGCAAG-1	3
CCAATTGAATGTTAAT-1	2
CCACACTGAGATATTA-1	1
CCACAGTACCCATCCT-1	0
CCACATACTGCACCCA-1	1
CCACATGGCTCTTTAT-1	1
CCACCAACTTTACTGT-1	1
CCACCCAAGGAAAGTG-1	0
CCACCTGTATGGAATA-1	1
CCACGAATTTAACCTC-1	1
CCACGAGAAGAGAATC-1	3
CCACGGAGCCATAAGA-1	2
CCACGGCAGGTGTAGG-1	1
CCACGGTGCCCGGTAG-1	0
CCACGTAAATTAGACT-1	2
CCACTATCCGGGTCAC-1	1
CCACTCAGATCCGCAA-1	0
CCACTGGTGGCTGGTT-1	2
CCACTGTTTGGATTAA-1	4
CCAGAAACTGATGCGA-1	3
CCAGAAAGCAACTCAT-1	1
CCAGAGACAAAGCCGG-1	2
CCAGATAGTTGAGTGA-1	4
CCAGATGTAAATGGGT-1	3
CCAGCCTGGACCAATA-1	3
CCAGCGGGATCACCAG-1	1
CCAGCTACGCCTCATA-1	2
CCAGCTCGAACGCATT-1	4
CCAGCTGATGGTACTT-1	1
CCAGCTTCCGCCCGCA-1	3
CCAGGCGAGATGGTCT-1	1
CCAGGCTGGCGTCTGA-1	2
CCAGGGACGTGGCCTC-1	1
CCAGTCAAATCTCTTA-1	2
CCAGTCTAGACGGCGC-1	4
CCAGTCTTGTCATAGA-1	0
CCAGTGTACAGACCGA-1	2
CCAGTTCGGTAACTCA-1	4
CCATAAACAACCCGAC-1	3
CCATAACCTGTGCAGT-1	2
CCATACCTTTACTTGT-1	0
CCATAGAGGCTGCCAG-1	1
CCATAGGTTGGCGTGG-1	3
CCATATGGAAACTATA-1	0
CCATCCATACCAAGTC-1	2
CCATCGCAGTTAAACT-1	0
CCATCTCACCAGTGAA-1	0
CCATCTTGTTCACAAT-1	2
CCATGCCCTAGATTTC-1	0
CCATGCCTGTTTAGTA-1	3
CCATGCTCTGCAGGAA-1	2
CCATGGCAAACGCTCA-1	3
CCATGGCCCTTGTACC-1	2
CCATGTTCATCTATAT-1	1
CCATTAGCGATAATCC-1	1
CCATTCCCTGCCCACA-1	1
CCATTGTTTCCTCCAT-1	1
CCATTTCTACCTATTA-1	4
CCCAAACATGCTGCTC-1	4
CCCAACATACGTCGCG-1	1
CCCAACCACACTAACA-1	0
CCCAAGAATGCACGGT-1	0
CCCAAGACAGAGTATG-1	2
CCCAAGTCATTACACT-1	0
CCCAATGAGATTTGCA-1	3
CCCAATTTCACAACTT-1	2
CCCACTCCACGGTATC-1	1
CCCAGAGGAGGGCGTA-1	0
CCCAGATTCCCGTGAC-1	1
CCCAGGTCTGAAGGCT-1	3
CCCAGTAAACTTGGGA-1	2
CCCATATAGGTCGATT-1	1
CCCATTATTGTATCCT-1	1
CCCGAAGTTTCGCGAA-1	1
CCCGACCATAGTCCGC-1	3
CCCGAGTTTCTCCGTA-1	3
CCCGATAGCCTCGCCT-1	1
CCCGCAAATAATCATC-1	4
CCCGCAGCGCGAACTA-1	0
CCCGCAGGGCCCAAAG-1	0
CCCGCCATGCTCCCGT-1	2
CCCGCGCAATGCACCC-1	2
CCCGCTAGAGGGTTAA-1	0
CCCGCTTGCCCTCGTC-1	1
CCCGGCACGTGTCAGG-1	0
CCCGGGTCGTTCAGGG-1	0
CCCGGTGGAAGAACCT-1	2
CCCGGTGTATCGGAAT-1	1
CCCGTAAGTCTAGGCC-1	2
CCCGTAGCTGGGAAGA-1	1
CCCGTCAGCGTCTGAC-1	1
CCCGTGACAGTGCCTT-1	4
CCCGTGAGGGCGGTGA-1	2
CCCGTTTCGCAGATGT-1	3
CCCTACCCACACCCAG-1	0
CCCTACTTGAACAATG-1	0
CCCTAGCTCTAAGGTC-1	0
CCCTAGGCAACAAGAG-1	2
CCCTATGTAGAGCAGA-1	2
CCCTCAGATCGAGAAC-1	3
CCCTCATCACAGAGTA-1	1
CCCTCATTCTGGAATT-1	2
CCCTCCTCGCTCGTAT-1	3
CCCTCGATAATACACA-1	3
CCCTCGGGAGCCTTGT-1	1
CCCTGAAATGAGTTGA-1	1
CCCTGACTAACAAATT-1	2
CCCTGCCCAATCCGCT-1	1
CCCTGCGCTACGCATA-1	1
CCCTGGCTGTTCCTTC-1	2
CCCTGGGAGGGATCCT-1	4
CCCTGGTATGGGCGGC-1	3
CCCTTTAATGGAGTTC-1	3
CCCTTTGACAGGTCTT-1	3
CCGAAAGTGGTGAGCA-1	2
CCGAACACTGGGCCTC-1	1
CCGAACCTTCCCGGCC-1	4
CCGAAGCATTGACCAA-1	2
CCGAAGGGCGTACCGC-1	1
CCGAAGTATATTGTTC-1	1
CCGACAAAGGGAGTGC-1	2
CCGACAATAGGCCGCC-1	3
CCGACGGGCATGAGGT-1	2
CCGACGTAAACACAAC-1	4
CCGACTCGCATAGTCT-1	3
CCGAGAAGTCGCATAA-1	3
CCGAGCTGTGCTTGTC-1	0
CCGAGGGATGTTAGGC-1	3
CCGATATGACGTAAGG-1	2
CCGATCTCAACCTTAT-1	0
CCGATCTTAAGAGGCT-1	0
CCGATTCGAGGGACCC-1	1
CCGATTGGTCAATGAA-1	4
CCGCACAAAGACCAAC-1	0
CCGCACACGAACGTGT-1	1
CCGCACGTGACCTCGG-1	2
CCGCACTTGCAATGAC-1	3
CCGCATGTGGTACGAT-1	4
CCGCCACCACAATCCA-1	3
CCGCCGGAACTTCTCG-1	2
CCGCCGGTCAACACAC-1	2
CCGCCGTTGAGGATAA-1	1
CCGCCTTGCGATGTCG-1	1
CCGCGATTTGGTAGGT-1	1
CCGCGCAAGATACCCA-1	2
CCGCGGAATGCGTCAC-1	3
CCGCGGGTACGAAGAA-1	2
CCGCGTAGGTAAGGGC-1	1
CCGCTATCAGCACCAG-1	0
CCGCTCCGGATAAGCT-1	2
CCGCTCTTCCGAACTA-1	0
CCGCTGGTGCCATTCA-1	3
CCGCTTACCTCACTCT-1	2
CCGCTTGCTGACATGG-1	3
CCGGAAGTGCAATATG-1	0
CCGGAAGTTATCAGTC-1	1
CCGGAATGGTTTCAGT-1	2
CCGGAGCGTACTTTCT-1	0
CCGGAGGTCTTATGGT-1	1
CCGGCACGACCGTTTC-1	3
CCGGCCGCGAGCATAT-1	2
CCGGCGCATATTGGAT-1	3
CCGGCGTGAGACTCTG-1	1
CCGGGACCCGCAGAGA-1	3
CCGGGCGGTCTCGTCA-1	0
CCGGGCTAAGAATTTC-1	2
CCGGGTTCGAGGTTAC-1	2
CCGGTAATGGCTAGTC-1	3
CCGGTTTGTAATTGTG-1	1
CCGTAAGTTGGTCCCA-1	0
CCGTACCCAAGCGCCA-1	2
CCGTAGGAAATCCCTG-1	0
CCGTAGGGTTGTTTAC-1	0
CCGTATCTCGTCGTAG-1	1
CCGTATTAGCGCAGTT-1	4
CCGTCAACCTCTGGCG-1	2
CCGTGAGGCATTCATG-1	1
CCGTGCCCATGACGGC-1	2
CCGTGGAACGATCCAA-1	0
CCGTGTTAAATTCCAT-1	1
CCGTTCCGAATCTCGG-1	2
CCGTTTCCTTTCCGTG-1	1
CCTAAAGGCTGACGCT-1	0
CCTAAATTAACGGTTC-1	0
CCTAAATTGTATCCTA-1	3
CCTAACCCAAACAAGT-1	0
CCTACAGTTGAGGGAG-1	0
CCTACATTCACAGACG-1	2
CCTACGCGACCTTACA-1	4
CCTACGGCTCAGTCGA-1	2
CCTACTCAACACGATT-1	3
CCTACTGCGGCGGCCA-1	1
CCTACTGCTTACACTT-1	2
CCTAGGTAAAGGTAGC-1	1
CCTAGTTAGTCGCATG-1	0
CCTATACCGTCCTGTC-1	1
CCTATATCGTGTCACG-1	1
CCTATATTTGTCCTGG-1	3
CCTATCTATATCGGAA-1	0
CCTATGAAGTGGTGCC-1	3
CCTATGGCTCCTAGTG-1	2
CCTATGGGTTACCGTC-1	0
CCTATGTCCACTCCAC-1	0
CCTATTATTCCGGCCG-1	2
CCTCAACGATCGCTGT-1	2
CCTCACCAATCTTGAC-1	2
CCTCACCTGAGGGAGC-1	0
CCTCACGTCAGCTAAT-1	1
CCTCATGCAGCTACGA-1	2
CCTCCCGACAATCCCT-1	3
CCTCCGACAATTCAAG-1	2
CCTCCTAGCTAGAGTC-1	1
CCTCCTGAGCCCACAT-1	2
CCTCCTGTTGTGTCGT-1	0
CCTCGAAGTGGACGGG-1	3
CCTCGACCCACTGCCT-1	3
CCTCGCCAGCAAATTA-1	3
CCTCGCGCTGTGCGAT-1	0
CCTCGGATGCTACCTG-1	1
CCTCGGTTTCCTTGCC-1	3
CCTCTAATCTGCCAAG-1	3
CCTCTACAAGGATTGG-1	1
CCTCTATCGATTAGCA-1	2
CCTCTCTCCCATCTAG-1	2
CCTCTGGCCTAGACGG-1	0
CCTCTGTACTATTCTA-1	0
CCTGAATATTTACATA-1	3
CCTGACCACCGATGGT-1	3
CCTGACGCAACCTTTA-1	3
CCTGAGAATAAATGCA-1	1
CCTGATTCGCGAAGAA-1	0
CCTGCCCGTTGTCTAG-1	2
CCTGCGTTCTACGCTT-1	2
CCTGCTATTTGAGAAG-1	1
CCTGGAAACGTTCTGC-1	3
CCTGGCTAGACCCGCC-1	2
CCTGGTCGAATGTGGG-1	4
CCTGTAAGACATGATA-1	3
CCTGTACTCACGCCCA-1	1
CCTGTCACCCGGGCTC-1	3
CCTGTCCCTCACGTTA-1	3
CCTGTCGCCCGTAAAT-1	3
CCTGTCGTGTATGAAG-1	1
CCTGTGCGGATTGTAA-1	4
CCTGTTCAACCTCGGG-1	0
CCTGTTTGAAGACACG-1	0
CCTTAAGTACGCAATT-1	4
CCTTCAGTTAAAGTGA-1	3
CCTTCCGCAACGCTGC-1	1
CCTTCGTATAGAATCC-1	4
CCTTCTCAGCGTTCCT-1	2
CCTTCTTGATCCAGTG-1	3
CCTTGACCACTTTATT-1	3
CCTTGTGAACGTGGTT-1	3
CCTTTAAGGGAGCACT-1	3
CCTTTGAATTATGGCT-1	1
CGAAACATAGATGGCA-1	0
CGAAACGCAATTCATG-1	2
CGAACAGTATGGGCGT-1	0
CGAACATAGTCAGAAA-1	0
CGAACCCGCATGCGTC-1	3
CGAACCTCTTTCCTAG-1	2
CGAACGCCCAGTGCCG-1	0
CGAACGGCCGGACAAC-1	2
CGAAGATCAGTTTCAT-1	4
CGAAGCCACAGCATGG-1	2
CGAAGCTATAAATTCA-1	0
CGAAGGGTTTCAGATT-1	1
CGAAGTTGCTCTGTGT-1	1
CGAATCTGCTCGACGC-1	2
CGAATGAAGTCATTGC-1	1
CGAATGACGCATAATG-1	0
CGAATGGTAGGTCGTC-1	1
CGAATTACATGGTGTT-1	4
CGAATTCCCGGTTCAA-1	2
CGACAATTTGATCTAA-1	0
CGACACCGCTTAAGGA-1	0
CGACACGCTCCGACAG-1	0
CGACACGGATGCCCAC-1	0
CGACAGTTCGCGTTAT-1	1
CGACATGCGATCTTCT-1	1
CGACCCTTAACGCCGG-1	1
CGACCGTTGGTATTCG-1	2
CGACCTACTAGACAAT-1	2
CGACGCATCCGTACCT-1	2
CGACTCGGTACACGGT-1	0
CGACTTGCCGGGAAAT-1	1
CGACTTTGTATAGCCT-1	0
CGAGACCCTAGAGTGT-1	1
CGAGACTACTGCTGCT-1	4
CGAGAGATGTGAACCT-1	3
CGAGAGCGCGTAGATA-1	2
CGAGAGCTTTCACTAC-1	0
CGAGAGGGTAGCCGCG-1	0
CGAGATTTCGCTCGGG-1	3
CGAGCACTTCAAGTTT-1	2
CGAGCGTTGATCAGCC-1	2
CGAGCTGGGCTTTAGG-1	3
CGAGGAGCTTCCATAT-1	3
CGAGGATCGGGAACGA-1	1
CGAGGCTAAATATGGC-1	0
CGAGGGACTGCGGTCG-1	0
CGAGGGTATCCAGGTG-1	4
CGAGTACTAAAGAGGA-1	1
CGAGTGAAGGTACCAG-1	2
CGAGTGCTATAGTTCG-1	2
CGAGTTTATCGGACTG-1	4
CGATAACCAATTTGAG-1	0
CGATAATACTCAGGTT-1	3
CGATACCTCGCGGACA-1	3
CGATAGCGATACAGTG-1	1
CGATAGTCGTACTGCA-1	0
CGATATTAGCCGCAGG-1	3
CGATCATTAGAGGCAC-1	3
CGATCCACCATTGTTG-1	0
CGATCCGACCCAGTGC-1	1
CGATCCTCGCAACATA-1	3
CGATCTGTTGGAGGAC-1	2
CGATGGACCCTACGCC-1	4
CGATGTTGTTATCTAC-1	1
CGATTAAATATCTCCT-1	0
CGATTTGTCATTAATG-1	1
CGCAAACACGAGTTAC-1	2
CGCAATTACTTTCGGT-1	1
CGCAATTAGGGTAATA-1	2
CGCAATTCTACAATAA-1	1
CGCACGTCTGTTTATG-1	1
CGCACGTGCGCTATCA-1	0
CGCAGAAACATTTGCG-1	3
CGCAGATCTTCACCCG-1	0
CGCAGGCGATCCAAAC-1	0
CGCATCATGGCTTCAG-1	0
CGCATCCATCAGCCAG-1	1
CGCATGCCGAATGCGT-1	0
CGCATGGTGCGATGCT-1	0
CGCATTAGCTAATAGG-1	3
CGCCAAGAAGCCGAGT-1	2
CGCCACAGGTCGCGAT-1	2
CGCCAGTAGTACCTTG-1	2
CGCCATCCGATTATGA-1	0
CGCCCAGCACGCCTAG-1	0
CGCCCAGCGTTTCACG-1	0
CGCCCGCTTCCGTACA-1	0
CGCCCTAATTGTTCAA-1	1
CGCCCTTGAAGGCTGA-1	1
CGCCGACTATTCGCTA-1	1
CGCCGCGTTCTGAACG-1	3
CGCCGGTGTCGCAGTA-1	0
CGCCGTCTACCCATCG-1	2
CGCCGTTCAGCATAGT-1	0
CGCCTCCCTCCTCTAT-1	0
CGCCTGGCCTACGTAA-1	2
CGCCTTTAGCATGCTC-1	3
CGCGAAGTGGCATACT-1	0
CGCGAGAGGGACTTGT-1	0
CGCGAGTCTGCCGGGT-1	2
CGCGCAAATGTCCAGA-1	2
CGCGCATGTTTGATTG-1	1
CGCGCCCGACTTAATA-1	3
CGCGGCTCAACTTGAA-1	0
CGCGGGAATTAGGCAG-1	0
CGCGGGAATTCCTTTC-1	0
CGCGGTAAGTCTAGCT-1	3
CGCGGTACGGTATACA-1	3
CGCGGTCACAAACCAA-1	0
CGCGTCATATTAAACC-1	3
CGCGTTCATGAAATAC-1	2
CGCTACCGCCCTATGA-1	1
CGCTACGGGACATTTA-1	1
CGCTAGAGACCGCTGC-1	3
CGCTATACCGCCCACT-1	1
CGCTATCGTGGCTTTA-1	4
CGCTATTCAATGTATG-1	2
CGCTATTCTTAGGCTC-1	3
CGCTCGACATAATGAT-1	1
CGCTCTCCGTAGATTA-1	2
CGCTGAGGACGTCCAA-1	1
CGCTGGTGACTACCCT-1	0
CGCTGTGACGCCGCAC-1	2
CGCTGTGTGGATGTTG-1	1
CGCTTAGTATTGATAC-1	0
CGCTTATTCCCGGTCG-1	2
CGCTTCCACTGAAATC-1	2
CGCTTCGGTCTAAGAC-1	0
CGCTTGGACGGATAGA-1	3
CGCTTTCATACCGGTG-1	2
CGCTTTCCGCCAAGGT-1	4
CGGAAAGAATCAAACG-1	3
CGGAAATTTCACATCC-1	3
CGGAACGTAAACATAG-1	3
CGGACCTCTGTAGTTA-1	0
CGGACGTTACTTGAAG-1	2
CGGAGCAATTTAATCG-1	0
CGGAGCATGGCGATCC-1	3
CGGAGCTTATAACACC-1	1
CGGAGTCCTAACCTGG-1	4
CGGAGTTTGAGAGACA-1	1
CGGATCCTCAAGGACT-1	4
CGGATGAATGCTGTGA-1	2
CGGATTCTGCCTTATG-1	3
CGGCAAACATCGTGCG-1	0
CGGCAATAAGATCGCC-1	3
CGGCACCGTTAGCGCC-1	0
CGGCACTCAAGAAAGT-1	1
CGGCCACGCACAAAGT-1	1
CGGCCAGAGCGACCAT-1	1
CGGCCCAACCTGTAGT-1	3
CGGCCCAGGTATATCC-1	3
CGGCGCCATCAATCCC-1	0
CGGCTCTAAAGCTGCA-1	1
CGGCTCTTCGTCGAAC-1	0
CGGCTGCAAGATTAAG-1	3
CGGCTTTGTATGATAA-1	3
CGGGAACGCCCTGCAT-1	2
CGGGAAGTACCGTGGC-1	1
CGGGAATATAGTATAC-1	3
CGGGAATTTATGTAAA-1	3
CGGGAGCTTCAGTGTA-1	0
CGGGATCAATGTAAGA-1	1
CGGGCAGCTAAACCGC-1	3
CGGGCCTTCTTTGTAA-1	1
CGGGCGATGGATCACG-1	4
CGGGTTTGTTAGGGCT-1	1
CGGTACGGCAAACCCA-1	2
CGGTATGGGCACTCTG-1	0
CGGTCAAGTGGGAACC-1	0
CGGTCAGTCCATATTT-1	2
CGGTCCATGAGACTCC-1	1
CGGTCCGTCGCAAGCC-1	3
CGGTCTATCAACCCGT-1	0
CGGTGAAGACTAAAGT-1	1
CGGTGCAGATAGAACG-1	1
CGGTGCGCGTTGGTCC-1	1
CGGTGTACTTGATCCC-1	2
CGGTTATCCAACAGTG-1	4
CGGTTCAAGTAGGTGT-1	4
CGGTTCCGGCTTCTTG-1	2
CGGTTGACCTGGCATA-1	2
CGGTTGAGTATCCTTC-1	1
CGGTTGGGCAGGGTCC-1	4
CGGTTGGGTTCAAGTT-1	4
CGGTTTACTGAACATT-1	2
CGTAAAGCAAGAAATC-1	2
CGTAAATAACAAAGGG-1	0
CGTAACTTCGACACTT-1	0
CGTACCTGATAGGCCT-1	3
CGTAGAGAGTAATTAT-1	0
CGTAGCGAATTGTCAG-1	0
CGTAGCGCCGACGTTG-1	1
CGTATCTAGAACTAAG-1	3
CGTATTAAGAGATCTA-1	1
CGTATTGTTTCCTAAT-1	3
CGTCAAATGGTCGCAG-1	1
CGTCAAGGCTATAAAT-1	2
CGTCACGTCCATTGGT-1	3
CGTCAGTGCGCACAAG-1	2
CGTCAGTTTATCGTCT-1	3
CGTCATACCATATCCA-1	1
CGTCCTCATCGCGTGC-1	0
CGTCGCTTGGTTATAC-1	2
CGTCGGATAGTGTTGA-1	0
CGTCGGGTCTAAGCGC-1	2
CGTCTGGAAGGGCCCG-1	3
CGTCTTGAGTGTGACG-1	2
CGTGAAGTTAATTCAC-1	3
CGTGACATTGGGTCGT-1	0
CGTGACCAGTCCTCTG-1	0
CGTGCACACCACTGTA-1	0
CGTGCAGACTGGGACA-1	3
CGTGCATTGTCGACGC-1	1
CGTGCTTCTACCTAAA-1	2
CGTGGAAGCCTCGTAC-1	3
CGTGGCCGAATATCTA-1	0
CGTGGTACCCAAAGGC-1	3
CGTGTCCCATTCGCGA-1	1
CGTGTCTCGTTACGAC-1	1
CGTGTGTTAAACCCTG-1	1
CGTTAAACTAGTTAGG-1	3
CGTTAAATACGACCAG-1	3
CGTTAATGTCCCGACG-1	4
CGTTAGCTCACAACTG-1	0
CGTTATCATACTTCCA-1	2
CGTTCAAGGAAACGGA-1	0
CGTTCAGACCCGCGAA-1	4
CGTTCATGGTGCGCGT-1	2
CGTTCTTCGCACACCT-1	3
CGTTGAGCGACCGTCG-1	4
CGTTGCCCGCGTGGGA-1	1
CGTTGTAAGATTGATT-1	0
CGTTGTCGGCAATTGA-1	4
CGTTGTTTCAATTCCC-1	2
CGTTTAAGCGGAGCAC-1	3
CGTTTACAAGGCAGCT-1	0
CGTTTCGCTCATTACA-1	3
CGTTTCGGTTATATGC-1	1
CGTTTGGTGTTGTGGG-1	3
CGTTTGTGTAGAGGGT-1	1
CTAAACGGGTGTAATC-1	2
CTAAAGAATGCCTACT-1	2
CTAAAGGGAAATAGGA-1	3
CTAAATCCGGTGTACA-1	1
CTAAATCCTATTCCGG-1	0
CTAACAGCACAATAAC-1	2
CTAACCGCGCGCCCGT-1	3
CTAACTGATAATCGCC-1	0
CTAACTGGTCCGGTTC-1	2
CTAAGGGAATGATTGG-1	4
CTAATTATGAAGCGTA-1	0
CTAATTCGCACGCGCT-1	1
CTAATTCTCAGATATT-1	0
CTAATTTCAACAACAC-1	2
CTACAAGAAATAACCC-1	2
CTACACTAGCTTGTTC-1	2
CTACACTCGCAGATGG-1	0
CTACATATCGCGGGAC-1	1
CTACGAACTAGGTCGA-1	3
CTACGACTAGCTATAA-1	3
CTACGATCCTATCCTA-1	1
CTACGCACGGAGTACC-1	3
CTACGCCATTTCCGAT-1	0
CTACTATCATAGGTTT-1	2
CTACTCAAGGTATAGT-1	3
CTACTCTAGGCCCGGC-1	1
CTACTGCCACCTGACC-1	3
CTAGACATATATGTAG-1	4
CTAGATGTGAGTGTAA-1	0
CTAGATTTACGACGGC-1	4
CTAGCATAGTATAATG-1	1
CTAGCCACAGGCGAGC-1	3
CTAGCCCGGGAGACGA-1	4
CTAGCCGATGTTATGA-1	0
CTAGCTTAATGGTCCC-1	2
CTAGGCGCCCTATCAG-1	0
CTAGGGATAGGGACAA-1	0
CTAGGTCTGAAGGAAT-1	3
CTAGTAGAAAGGGATT-1	4
CTAGTATTCGGAATTA-1	3
CTAGTCACGTCTTAAG-1	1
CTAGTGAAGGACAGGA-1	1
CTAGTTACAACCCGGT-1	4
CTAGTTGGGCCCGGTA-1	0
CTATAAGAGCCAATCG-1	0
CTATAAGTAGGGTTTG-1	1
CTATACTTAAAGCGAG-1	2
CTATAGGCGTTGATGT-1	1
CTATATCCAGCCTGGC-1	1
CTATCACAACGCTGGA-1	0
CTATCGACGAAATACA-1	0
CTATCGCGTAGAGAAC-1	1
CTATCGGGTCTCAACA-1	0
CTATGAACACCTTGCC-1	2
CTATGCCCGAATGCAA-1	0
CTATGGGAAGCGGAAT-1	0
CTATGTCACTAGCCCA-1	3
CTATGTCTATTGAAAC-1	1
CTATGTGAGTCACGGC-1	1
CTATTCATGTGTCCCA-1	0
CTATTTGCTTGGAGGA-1	4
CTCAAACCACTGCCCG-1	3
CTCAACTAACCCGGAT-1	4
CTCACACGCAAGCCTA-1	3
CTCACATTTACTAAAT-1	4
CTCACCGATCCAAACT-1	0
CTCACTTGGCTGGTAA-1	2
CTCAGAGCTAATGTCG-1	0
CTCAGATTGTGATAAG-1	1
CTCAGGACTCACCTGT-1	2
CTCATAAATGTGTATA-1	0
CTCATCACTTAGTGAT-1	1
CTCATGGCTCACAATC-1	3
CTCATGGTAATTTGCG-1	2
CTCATTAACGTTGCCC-1	1
CTCATTTGATGGGCGG-1	1
CTCCCAATGAGTCGCG-1	1
CTCCCTCCTTTCGATC-1	1
CTCCCTTGTATCAAGG-1	1
CTCCGCCCACATGAGG-1	1
CTCCGGCCTAATATGC-1	1
CTCCTAAGTTATGTCT-1	1
CTCCTAGTAATCGTGA-1	1
CTCCTCCAGCTCACAC-1	0
CTCCTGTTCAAGGCAG-1	2
CTCCTTTACGCAAGTC-1	0
CTCGAGACATACGATA-1	2
CTCGAGGCAAGTTTCA-1	1
CTCGAGGTCGAACAGT-1	3
CTCGCACCTATATAGT-1	3
CTCGCATTGCATAGCC-1	2
CTCGCCGAATGTAGGG-1	4
CTCGCTAGGTAAGCGA-1	0
CTCGGGATAACACCTA-1	3
CTCGGGTTCTCTGGCC-1	1
CTCGGTCCGTAGCCTG-1	3
CTCGGTTGTCGGCCCT-1	1
CTCGTCGAGGGCTCAT-1	1
CTCGTCTGTGCCTTCG-1	4
CTCGTGGCACTGAAAG-1	4
CTCGTTACGGCTACCA-1	3
CTCGTTTCTAATGTTT-1	0
CTCTAACACCGGCAGC-1	0
CTCTAATGCATTGATC-1	3
CTCTACACTGGCGATT-1	3
CTCTACATCCTGCGTG-1	4
CTCTAGCCCTCGGAAA-1	0
CTCTATTTGGCTGCAG-1	0
CTCTCACAATCGATGA-1	2
CTCTCGATGTGCGCCT-1	3
CTCTCTAACTGCCTAG-1	1
CTCTGCAGGCATTCTT-1	2
CTCTGCGAAGCAAGCA-1	2
CTCTGGACGCCTGGTG-1	3
CTCTGTCCATGCACCA-1	0
CTCTGTGCCTGCTATG-1	1
CTCTGTTTGAGGATTC-1	0
CTCTTCTATTGACTGG-1	0
CTCTTCTGGAAGTTAG-1	1
CTCTTGTCCCGCTTGG-1	0
CTGAAACGGCCCTCAG-1	4
CTGAAAGAGATCCGAC-1	3
CTGAATCCGAGACCTC-1	3
CTGAATTTATTGCCAG-1	0
CTGACATAGAAATAGA-1	1
CTGACTGCGCAGCTCG-1	4
CTGAGAAAGTTCGGCG-1	3
CTGAGAGTAGAAATAC-1	1
CTGAGCAAGTAACAAG-1	2
CTGAGCGAGACTTATT-1	2
CTGATAGTGTATCTCA-1	1
CTGATCCCTTTATGCA-1	3
CTGCAAGCACGTTCCG-1	3
CTGCACCTAGTCCACA-1	3
CTGCACCTGGAACCGC-1	2
CTGCACTCCAGTACAG-1	4
CTGCAGAGAATCAGAG-1	0
CTGCCAAGGTTGGAAG-1	0
CTGCCATGCATCACAT-1	3
CTGCCTAGCCACCAAG-1	3
CTGCCTCATATGCAAC-1	1
CTGCCTTTAATACCTT-1	1
CTGCCTTTCTAGTAAA-1	0
CTGCGACCTCGCCGAA-1	4
CTGCGATTTCGAGATT-1	0
CTGCGGGTGAAATGTT-1	1
CTGCGGTAGTCACGTG-1	4
CTGCGTTACGATATAA-1	0
CTGCTCTCAACACACC-1	2
CTGCTCTGACGGCAAA-1	4
CTGCTGAGGCCACGAA-1	3
CTGCTGTCTAACGAGC-1	3
CTGCTTTATGTCCGCG-1	0
CTGGAAATGGATGCTT-1	3
CTGGAAGACACGGTGG-1	4
CTGGACGCAGTCCGGC-1	1
CTGGATTTACACTTGA-1	1
CTGGCATCCGAATGAG-1	2
CTGGCGACATAAGTCC-1	0
CTGGCGATTTACATGT-1	0
CTGGCGGGAATAAGTA-1	2
CTGGCTGATTCATCCT-1	0
CTGGCTGGTTGTCAGT-1	3
CTGGGATACGCTACCC-1	1
CTGGGCACTAGTCGGA-1	4
CTGGGCCTGCTATATC-1	2
CTGGGCTACTGGAGAG-1	4
CTGGGTTGAGTTAAAG-1	2
CTGGTAAAGACTTACA-1	0
CTGGTAAAGTGTGGGC-1	3
CTGGTAACACATAGAA-1	4
CTGGTAACGAGCTCTT-1	4
CTGGTCATTCCAATCC-1	1
CTGGTCCTAACTTGGC-1	3
CTGGTGAATGGGCCTA-1	2
CTGGTTCAACGCATCA-1	2
CTGGTTCGCGAGCTAC-1	2
CTGGTTTCGAGCAAGA-1	4
CTGTACTTCTTAGCAT-1	1
CTGTAGCCATCTCACT-1	1
CTGTAGTGAGGATCGA-1	3
CTGTATGGTGTAGAAA-1	0
CTGTCAAATGGCTCGG-1	4
CTGTGCAGGGTAGGTC-1	0
CTGTGGTCGGGAGATA-1	0
CTGTTACCCAATCTAG-1	3
CTGTTCACTGCCTGTG-1	1
CTGTTCATCTCACGGG-1	1
CTGTTGTTCAGTCGTA-1	2
CTTAACTTACAGTATA-1	3
CTTAACTTCGAAGTAC-1	3
CTTAAGCAGCGAGCCG-1	2
CTTAATCGACTTAGTA-1	4
CTTACACGGTATTCCA-1	1
CTTACACTGGGAAATA-1	2
CTTACATAGATTTCTT-1	0
CTTACTGACTCCTCTG-1	2
CTTAGATGTTTCATCC-1	4
CTTAGCCTTCCACATG-1	0
CTTAGGTATAGACCAG-1	3
CTTAGGTCCCAATCGT-1	2
CTTAGTAGGCCTACAG-1	0
CTTAGTTGAGGAATCG-1	3
CTTATAGATGGCTGTT-1	3
CTTATGCGCTCAGGGC-1	1
CTTATGTTGACTACCA-1	1
CTTCACGCCCTGGTAC-1	2
CTTCAGTGGTCGCCTA-1	1
CTTCAGTTGGACAACG-1	0
CTTCATAGCTCAAGAA-1	2
CTTCATTGTCAGTGGA-1	1
CTTCCGCTCCGTGAAG-1	0
CTTCCTGCATATTTAC-1	4
CTTCGATTGCGCAAGC-1	0
CTTCGGCCAATTGTTT-1	1
CTTCGTAGATAGGTGA-1	3
CTTCTATGTTGAAGTA-1	1
CTTCTATTAATGCTAG-1	1
CTTCTGGGCGTACCTA-1	1
CTTCTTACGTCGTATA-1	3
CTTGACCCGAAAGATA-1	2
CTTGAGTTAGGGTAAT-1	0
CTTGATGACCATCCAG-1	0
CTTGCAACCGCCTCCT-1	1
CTTGCCCACCCACGCA-1	0
CTTGCCCAGGCTCTAC-1	1
CTTGGCCAAGCTGGGA-1	0
CTTGTACTTGTTGACT-1	1
CTTGTCAACATTCGAG-1	0
CTTGTGAGTCTTTGAC-1	2
CTTGTTGCTGAGTCAA-1	4
CTTGTTTATGTAGCCA-1	2
CTTTAACTTTCAAAGG-1	3
CTTTAGTGCTATTATT-1	3
CTTTATCCGACGCATG-1	4
CTTTCTGTGCGGGCTT-1	4
CTTTGAAACATATTCC-1	4
CTTTGACGTCGCTTCT-1	2
CTTTGCATCGCTCTTG-1	0
CTTTGCTGTCATGGAT-1	1
CTTTGGCGCTTTATAC-1	2
CTTTGGCTTTAGTAAA-1	2
CTTTGGGATTGTTGCA-1	3
CTTTGTCGAATGCTCC-1	1
GAAACAGATGACCACC-1	0
GAAACAGCCATGCAGT-1	3
GAAACATAGGAAACAG-1	2
GAAACCATGGTGCGCT-1	3
GAAACCGAATTACCTT-1	1
GAAACCTATACAAATG-1	3
GAAACTCGTGCGATGC-1	2
GAAACTCTAATGAAGG-1	3
GAAAGAACAGCGTTAT-1	0
GAAAGCAGTGCACTTT-1	0
GAAAGCCCTTTGGACC-1	2
GAAAGTGACTAACTGC-1	2
GAAATACCTGCTGGCT-1	3
GAAATACTAAACGTTT-1	2
GAAATATCACCATCAG-1	2
GAAATATGCTTGAATG-1	0
GAAATCGCGCGCAACT-1	3
GAAATTAGCACGGATA-1	4
GAAATTCACATCGCTG-1	2
GAAATTGTCTCTATAA-1	1
GAACAACTGGGATGAA-1	0
GAACACACATCAACCA-1	1
GAACAGATTACTAAAT-1	4
GAACATTAGTATGTTA-1	3
GAACCATCTGGGAGAC-1	2
GAACCCTCTGTGTTCT-1	4
GAACCTCGACCTACAC-1	1
GAACGACCGAATGATA-1	3
GAACGATAAGTTAAAG-1	1
GAACGCGGGTCACACG-1	3
GAACGTTAGGAAGACG-1	2
GAACTGTGGAGAGACA-1	4
GAACTTGTGCACGGGA-1	3
GAAGAAACGATATTGT-1	2
GAAGAACGGTGCAGGT-1	2
GAAGACTTCAATGCCG-1	3
GAAGCCTGCACATTCC-1	0
GAAGCGTGAGGAATTT-1	1
GAAGCTCGGACCCGTC-1	2
GAAGCTTGCTGACCGC-1	2
GAAGGAGTCGAGTGCG-1	0
GAAGGCTACCATTGTT-1	3
GAAGGGTCATTAAGAC-1	0
GAAGTCAGTTGCACTA-1	0
GAAGTCTCCCTAGCGA-1	4
GAAGTGATTTATCGTG-1	3
GAAGTGCTGGATAGCT-1	3
GAAGTTTCCACTCAAT-1	3
GAATAGACGCGACCCA-1	0
GAATAGCATTTAGGGT-1	3
GAATAGCCCTGCGGTC-1	4
GAATAGTGCTCGATTA-1	3
GAATATTCGGAGTCCC-1	0
GAATCGACATGGTCAC-1	2
GAATCGCCGGACACGG-1	1
GAATCTATACTCGGAC-1	0
GAATCTGAACATTCTC-1	3
GAATGAAGGTCTTCAG-1	4
GAATGCCGAAATGACC-1	1
GAATGCGAATCGGTTC-1	4
GAATGGGCTTATCGAC-1	2
GAATGTATGGCAGGTC-1	0
GAATGTTGGGTAATCT-1	3
GAATTATAGTGAAAGG-1	0
GAATTCACCCGGGTGT-1	1
GAATTTCTCGCTGCAG-1	2
GACAAACATATGCAGG-1	3
GACAACGACCATTGAA-1	0
GACAACGCAGCTTACG-1	1
GACAAGACGCCCGTGC-1	2
GACAAGAGATGAGATT-1	1
GACACAAGGGAAGAAA-1	0
GACACAGCCGGGACTG-1	0
GACACCCAAAGACGCG-1	3
GACACGAGTTAGAGGA-1	2
GACACTGAGTTCAGTG-1	1
GACACTGGAACCCGAT-1	3
GACACTTCCAATTACC-1	0
GACAGATTTCTGGCTC-1	1
GACAGGCACACACTAT-1	3
GACATCGATTTATAAC-1	1
GACATTTCGCCCAGCC-1	2
GACCAAACGTTGACTG-1	3
GACCACACTTCCCTTT-1	4
GACCAGAGCCCTGTAG-1	1
GACCAGGTCATTCATA-1	3
GACCCAATTATGATAC-1	1
GACCCGTCGCCGGCTA-1	1
GACCGACGTGAAAGCA-1	3
GACCGACTGAAGCGTC-1	2
GACCGATTAAATATGT-1	1
GACCGCGTCTGACGTG-1	1
GACCGTCAGGTCGTGA-1	0
GACCGTGCTGACGGTG-1	1
GACCGTTACATGCGAC-1	2
GACGACGATCCGCGTT-1	4
GACGAGGCTAATAAAC-1	0
GACGATATCACTGGGT-1	1
GACGCATACCCGTCGG-1	1
GACGCCGTAAAGGCTA-1	3
GACGCCTGTTGCAGGG-1	1
GACGCTTGCTTCTAAA-1	1
GACGGACCGCGTTCCT-1	1
GACGGGCATCGAATTT-1	4
GACGGGTTGGCCCGTA-1	3
GACGGTCAATAGAAGC-1	0
GACGGTCCTAGGGTGT-1	2
GACGTGAGACTCCATG-1	1
GACGTTCGTAAATACA-1	3
GACGTTGCTCGGCGGC-1	3
GACTAACACAGCACCT-1	0
GACTAAGATCATGCAC-1	3
GACTAAGTAGGCTCAC-1	2
GACTACAAAGCGGTGG-1	1
GACTACAATTGCTCGT-1	0
GACTAGGCCGTTAGGT-1	4
GACTCACCCACGTGAG-1	0
GACTCCCAGAATAAGG-1	3
GACTCCTTCCAATTGA-1	1
GACTCGCGGGAATGAC-1	4
GACTCTAGAGTTCCAA-1	0
GACTGCGGCACGTGTA-1	1
GACTGCTGGTGAGAAA-1	1
GACTGGGCGCCGCAAC-1	4
GACTTCAACGCATCAA-1	0
GAGAAACTGGATCCCA-1	2
GAGAACGGTTCTGACT-1	0
GAGACCCTGCAACGCC-1	0
GAGACTGATGGGTAGA-1	1
GAGACTTCGCGACCGA-1	0
GAGAGGCCTATGTGTA-1	3
GAGAGGGCGCGAGGTT-1	2
GAGAGGTGCATTCTGG-1	1
GAGAGTCTCGGGAGAG-1	3
GAGATCGATCTTACTC-1	2
GAGATCTGCTTGGCAT-1	2
GAGATCTGTCACTCCG-1	0
GAGATGACAATCCTTA-1	1
GAGATGGCTTTAATCA-1	4
GAGCACGGCGCCTCTT-1	2
GAGCATCAACAACTTG-1	1
GAGCATCATCCCTGGG-1	2
GAGCCACGGTAGTAGG-1	2
GAGCCAGCTACCTGTG-1	4
GAGCCGAGCGTTTATT-1	4
GAGCGAGGGAGTACCG-1	3
GAGCGCAAATACTCCG-1	3
GAGCGCGCACGAGTAG-1	0
GAGCGCTGTTAGGTAA-1	1
GAGCGGAATGCGGTGT-1	3
GAGCTAAGGGCATATC-1	4
GAGCTCTCGGACCTAA-1	2
GAGCTGTCGTCTCGGA-1	0
GAGGAATATCTCTTTG-1	1
GAGGAATGGAGAGGTT-1	2
GAGGAGTAATTCCTAC-1	1
GAGGATAAACAGTGCT-1	3
GAGGCATTTGCAGCAG-1	1
GAGGCCCGACTCCGCA-1	2
GAGGCCTGTTGATACA-1	4
GAGGCTATCAAAGTCG-1	3
GAGGGAGTCAGATCGC-1	3
GAGGGCATCGCGTATC-1	2
GAGGGCCATAATATTA-1	1
GAGGGCCGGCAGAGTC-1	4
GAGGGTAGTAACAAAG-1	2
GAGGTACATCCATCTT-1	0
GAGGTACGCGTGTCCC-1	4
GAGGTCCCAAAGATCT-1	0
GAGGTCCGTTCGCTGT-1	3
GAGGTCTTAGTGGGTC-1	4
GAGTAAACCGGAAAGT-1	3
GAGTAAATTAAGAACC-1	2
GAGTAAGGCCACGGGA-1	2
GAGTACGGGTATACAA-1	2
GAGTAGATACTAGTTG-1	4
GAGTATACCCTAATCA-1	1
GAGTATCAAAGTTACA-1	2
GAGTATGCCCGCCTTG-1	1
GAGTCAGACCAGAATC-1	3
GAGTCCACCAGGTTTA-1	4
GAGTCCGCTTACCGGA-1	3
GAGTCTTGTAAAGGAC-1	2
GAGTGCACGGACAACA-1	3
GAGTGTCAACCAGAAA-1	4
GAGTGTGCGGTACCCA-1	4
GAGTTCTGTGGGTGCT-1	1
GAGTTGATGGCAATTT-1	2
GAGTTGTCACCAGTCT-1	1
GATAAATCGGTGGATG-1	1
GATAACTCGCACTGTG-1	4
GATAAGGCAGATGCAA-1	1
GATACCGTGTCGGAGT-1	2
GATACGATGGGAGTCA-1	2
GATAGAACCCGCTAGG-1	0
GATAGATAGTACAGTC-1	0
GATAGGATTAATTACA-1	1
GATAGGTAACGTTGAC-1	0
GATAGGTGTCCCGGGC-1	2
GATAGTGCGAGTAAGT-1	1
GATATCAAGCAGGAGC-1	1
GATATCTCATGCAATA-1	3
GATATGGATTACGCGG-1	2
GATATTGAGATTGGCG-1	0
GATATTTCCTACATGG-1	0
GATCAACATAAAGGGA-1	1
GATCATTCCAAACATT-1	3
GATCCCTTTATACTGC-1	3
GATCCGAATATAAGTG-1	2
GATCCGGGAATTAACA-1	0
GATCCTAAATCGGGAC-1	4
GATCCTCGACACTGGC-1	2
GATCCTCTTGCGCTTA-1	3
GATCGACACTATCTGA-1	2
GATCGCGGGCTCTCCA-1	3
GATCGCTACCCGATTT-1	0
GATCGCTATATCTCAG-1	2
GATCGCTGTGGTGCGT-1	2
GATCGGATAGAACCAT-1	1
GATCGGTGGCCATAAC-1	0
GATCGTGACTGATATC-1	0
GATCTAACCGTATTCA-1	2
GATCTCGACGCTGTGG-1	1
GATCTGCTATCTAAGG-1	0
GATCTTGGAGGGCATA-1	0
GATCTTTGCTCAAAGA-1	3
GATGACAAGTAGGGCA-1	2
GATGACGATGATCGCG-1	0
GATGAGGAACCTTCGG-1	4
GATGCCAGCAGAAGGC-1	2
GATGCCTTCTGCGGCA-1	1
GATGCGTCCTGCATTC-1	1
GATGCTACAAGCGCCT-1	1
GATGCTACCTTCGATG-1	0
GATGCTGTATTTCATC-1	4
GATGGCGCACACATTA-1	2
GATGGTGAAATAACCC-1	4
GATGGTGCCCTAGGCA-1	0
GATGTAACGAACCACC-1	2
GATGTCCGGATCACAT-1	2
GATGTCGGTCAACTGC-1	3
GATGTGTTGTCACAAG-1	3
GATGTTCAATCCACGA-1	3
GATGTTTGTGCGAGAT-1	2
GATTAACCGAAAGCCC-1	1
GATTACTGAATTTGGG-1	3
GATTAGAAACAAGCGT-1	0
GATTATCTTGCATTAT-1	4
GATTCCCTTGTCGCAG-1	3
GATTCCGCGTTTCCGT-1	3
GATTCCTATACGGCGC-1	2
GATTCGACGGTTCACG-1	0
GATTGACACTCTGCTC-1	3
GATTGCTCCAGTTGCA-1	2
GATTGGGAAAGGTTGT-1	4
GATTTAGTGCGTACTG-1	1
GATTTGCGCTAACACC-1	0
GCAAACCCTACATTAT-1	4
GCAAACCTTGGCCATA-1	4
GCAAACGTAAGCGACC-1	1
GCAAACGTCGCCAGGT-1	3
GCAAAGGGCGTTAGCC-1	2
GCAAATATTACGCTTT-1	2
GCAAATGAGGACACTT-1	2
GCAACACACTAGAACT-1	2
GCAACAGCAGTATGCG-1	3
GCAACCACCAGACCGG-1	0
GCAACCACGGCCGCGT-1	2
GCAACGGCTAGTTATG-1	1
GCAAGAATTCCTTGGC-1	3
GCAAGCTGGAAACCGC-1	2
GCAAGTGCACAGAGAA-1	1
GCAAGTGTAAAGCATG-1	3
GCAATTAGTCGCACCG-1	1
GCACAAACCCTAGATG-1	1
GCACAAACGAGGCGTG-1	3
GCACAACCTCGGGCGT-1	1
GCACAAGTGTCGGAAG-1	3
GCACACACTGGTAGCC-1	4
GCACACGCCCATGGTC-1	2
GCACAGCACGGGCCGA-1	1
GCACCTAGGCGAGTCC-1	0
GCACCTTCCCGAAGGT-1	1
GCACGCCGATTCCCGC-1	4
GCACGCCTACTTAGAT-1	1
GCACGTGGTTTACTTA-1	0
GCACTAGTCGCGCTAT-1	2
GCACTGTGCAAATGTA-1	2
GCAGAAACGTAATCCA-1	0
GCAGAAGGTAATCTCC-1	2
GCAGACCCAGCACGTA-1	3
GCAGATTAGGGATATC-1	3
GCAGCACACAGCCCAG-1	1
GCAGCCTATATCACAT-1	3
GCAGCGGTGGGCATTA-1	1
GCAGCTATGGACAGGT-1	0
GCAGCTGTCAACGCAT-1	0
GCAGGAACTTAGATCT-1	1
GCAGGACTATAGAATA-1	2
GCAGGTAGAGTATGGT-1	4
GCAGTGCGGGCGGATG-1	2
GCAGTTCGATCCGAGC-1	3
GCATAAATTGAACGCC-1	0
GCATACGAGGTCTTTA-1	1
GCATAGAGCACTCAGG-1	1
GCATCCCTAACTTTGA-1	2
GCATGACACAAAGGAA-1	2
GCATGAGGGACGCGGC-1	4
GCATGCTAATAACGAT-1	0
GCATGGGTACTGACGC-1	2
GCATTCAAGGCAACGC-1	4
GCATTCGAAATGAACA-1	2
GCATTGACTTGCGGAA-1	2
GCATTGTAATTCATAT-1	1
GCATTTCCAAGGCTCC-1	3
GCCAACCATTTCCGGA-1	0
GCCAAGAATACTTCTG-1	1
GCCAATAGGGCATCTC-1	4
GCCACAATTTAAGGAC-1	1
GCCACCTTATTCGCGA-1	1
GCCACTCAGAGCGCGA-1	0
GCCACTCCTTACGGTA-1	1
GCCAGGAAAGAACACT-1	3
GCCAGGCGTTCGCATG-1	3
GCCATCGAGCTGCGTG-1	3
GCCATCGATGCTGCAT-1	0
GCCATTAGCCTCAAAC-1	2
GCCCACCAAGGCTGTC-1	1
GCCCACTGGTCCACAA-1	0
GCCCAGATGCTGGAGA-1	2
GCCCAGTTGGTATGCC-1	2
GCCCATGGGTGCAATG-1	4
GCCCGACTTCTTCCCG-1	2
GCCCGAGAGTCTAAAT-1	1
GCCCGATCTGTGGTCG-1	0
GCCCGATGCCCAGTTC-1	2
GCCCGCGCGTAAACGG-1	1
GCCCGCGCGTTTGACA-1	2
GCCCGTAATACCTTCT-1	0
GCCCGTTCACACAATT-1	1
GCCCTAAGTGCAGGAT-1	4
GCCCTAGCCGTCGCGA-1	1
GCCGAAATTCCTACGT-1	1
GCCGACCCACGACTGC-1	1
GCCGATTGGCCAAGCT-1	3
GCCGCACTCCGTTTCA-1	1
GCCGCATTAGTCCGGC-1	1
GCCGCTAGATACGCAG-1	4
GCCGCTTGTGAGAAAC-1	3
GCCGGAAACACATCTT-1	1
GCCGGGTTAGGGTCGC-1	1
GCCGGTCGTATCTCTC-1	0
GCCGTCGGTTTCGGGC-1	0
GCCGTGGAAGAAATGT-1	1
GCCTACGTTCTGTGCA-1	4
GCCTAGCGATCTGACC-1	2
GCCTATCAGGTAAGAT-1	2
GCCTATGCTGGGCCTT-1	0
GCCTATTCCGATATAG-1	2
GCCTATTTGCTACACA-1	1
GCCTCAGGTACCGGTC-1	2
GCCTCATCTGGAAATA-1	0
GCCTCCGACAATTCAC-1	0
GCCTGTCCCGGTGCAT-1	4
GCCTTTGTCAGTGGAC-1	2
GCGAAACGATCGGGAG-1	0
GCGAAGAATCTGACGG-1	4
GCGAAGCCATACCCGT-1	3
GCGAATGGACTAGCGA-1	4
GCGACATGTAAACATC-1	3
GCGACCCAACCATCTG-1	1
GCGACGATAGTTGTAC-1	1
GCGACGGTAGTCTCCT-1	4
GCGAGAGGCCATGTAA-1	4
GCGAGAGTTGCGTCCA-1	3
GCGAGCGCATGCTCCC-1	0
GCGAGGCCCGAGCAGA-1	1
GCGAGTTCTGCAAAGA-1	1
GCGATTCTGGAAGCAG-1	0
GCGATTGTTAACGTTA-1	0
GCGCAAATATATTCAA-1	2
GCGCAAGAGCGCGCTG-1	0
GCGCCGTTCCACGATA-1	0
GCGCCTCCCACTCCGA-1	3
GCGCGATGGGTCAAGT-1	1
GCGCGGTCTAGTAACT-1	0
GCGCTAAGTATGCATG-1	3
GCGCTAATTGAATAGA-1	0
GCGCTATGCCGAGGCA-1	3
GCGCTCGATCACCTGT-1	1
GCGCTGATCCAGACTC-1	0
GCGCTTAAATAATTGG-1	0
GCGGACCGCGTTGTGG-1	1
GCGGAGAAACTTCGCA-1	2
GCGGATTACTTGTTCT-1	0
GCGGCAAAGTATTGCC-1	2
GCGGCTCTGACGTACC-1	2
GCGGCTTTAGCAAGTT-1	4
GCGGGAACCAGGCCCT-1	2
GCGGGCAGACGGGTGA-1	4
GCGGGCATTACGATGC-1	1
GCGGGCGAGCCTTACC-1	3
GCGGTCCCGGTGAAGG-1	4
GCGGTCCCTAGACGCA-1	3
GCGGTCTTGCTTTCAC-1	0
GCGGTTCCCTATCATG-1	1
GCGTAAATGGCCATAA-1	0
GCGTCCCTAAGACATA-1	3
GCGTCGAAATGTCGGT-1	3
GCGTCGCCAGGGTGAT-1	0
GCGTCGTAACATGGTC-1	4
GCGTCTAACCTCCTAA-1	2
GCGTCTCTGCATTGGG-1	3
GCGTGGTACTGGGTTA-1	4
GCGTGTATGTCGTATT-1	3
GCGTTATATTTGGAAC-1	2
GCGTTCGGAGACCGGG-1	4
GCGTTCTGACTAAGCG-1	2
GCTAAACCTGAGGTGA-1	1
GCTAACTGAAGTCTGA-1	4
GCTAAGCCCAGTATGC-1	0
GCTAAGTAAAGGCGAT-1	0
GCTAAGTAGTTTCTCT-1	4
GCTAATACCGAATGCC-1	1
GCTACAATCGAGGATA-1	0
GCTACAGTACGGACCG-1	1
GCTACGACTTATTGGG-1	0
GCTACTATAGTAGAGT-1	0
GCTAGACCGTCTACTG-1	0
GCTAGAGTAGAGATGT-1	0
GCTAGCAACGCACCTA-1	4
GCTAGCACCTGGGCCA-1	1
GCTAGCGATAGGTCTT-1	1
GCTAGCTTGAATAGCT-1	1
GCTAGTAGAGCTTGTA-1	3
GCTAGTTTCATTGAGG-1	1
GCTATAAGGGCCAGGA-1	0
GCTATCGCGGCGCAAC-1	2
GCTATGCCAGCTTATG-1	2
GCTCAATCCGTTTATT-1	1
GCTCAATGTAATACCG-1	0
GCTCATTGATCATATC-1	0
GCTCCATGAGTGCAGA-1	2
GCTCCATGCAAAGCAA-1	0
GCTCCCAGTCGGTCCA-1	1
GCTCCGCTCGCTTCAG-1	3
GCTCCTGACATACTGG-1	2
GCTCGCTCATGTCCAA-1	3
GCTCGGAATTTAAAGC-1	0
GCTCTAAACCCTGACG-1	3
GCTCTATGTTACGTGC-1	2
GCTCTCGGGTACCGAA-1	3
GCTCTTTCCGCTAGTG-1	0
GCTGAACTCTCCAGGG-1	1
GCTGAAGGGTTCTTGG-1	1
GCTGAATCTTCCAATC-1	1
GCTGAGGCGTGAGTAT-1	3
GCTGCACGGTTTCTTA-1	0
GCTGCGAAGAATTATT-1	0
GCTGCTAAGTAGTCGA-1	0
GCTGCTCTCCGGACAC-1	3
GCTGGACCCAAAGTGG-1	0
GCTGGCATATTCACCT-1	2
GCTGGCGGCGCATGCT-1	0
GCTGGGAGCGCGTCAA-1	3
GCTGGTGACTCGTAGT-1	0
GCTGGTTTAGGCCATA-1	2
GCTGTATTACTGGCCC-1	1
GCTGTCTGTGATCGAC-1	4
GCTGTTGCTACCGAAC-1	0
GCTTACGTAGTTAGTA-1	3
GCTTAGGGAAGCGGTA-1	1
GCTTCCATGTAACCGC-1	0
GCTTCCCGTAAGCTCC-1	4
GCTTCCGTCCCTAGAC-1	0
GCTTCGACGTTCAATC-1	2
GCTTGAGTGACCTCTG-1	4
GCTTGATGATAATCAG-1	2
GCTTGCAGCACAATTG-1	0
GCTTGGATCGATTAGG-1	4
GCTTTACACAACTGGG-1	3
GCTTTATTAAGTTACC-1	0
GGAAACAGAGCTTGGG-1	3
GGAAACCTTGTTGAAT-1	4
GGAAACTAAATGGGCC-1	0
GGAAAGGGAATTGAGC-1	4
GGAAAGTCTTGATTGT-1	3
GGAACCGTGTAAATTG-1	3
GGAACCTTGACTCTGC-1	1
GGAACGGCCTGCAGCC-1	0
GGAACTCGTGAATACG-1	1
GGAACTTTGGCGATTA-1	0
GGAAGATAAGACTGTA-1	0
GGAAGCTCGCTTACAG-1	0
GGAAGGACACCGTATA-1	0
GGAATAACCTCAAGAA-1	3
GGAATGCGCTAGCGTG-1	0
GGACAACCATGAAGCC-1	0
GGACAAGCCATGATCG-1	2
GGACAAGTTGCAGTGA-1	1
GGACACAAGTTTACAC-1	1
GGACACCTCGGTGTTG-1	4
GGACCAACAGGATAAC-1	0
GGACCTACGGTAACGT-1	4
GGACCTCTAGGCCGCC-1	1
GGACGGGCGACCAACC-1	3
GGACGTCCATAGTTGG-1	0
GGACTCACAAATTAGG-1	1
GGACTCGAAGCTTTCA-1	2
GGACTCGACAGCGCAT-1	0
GGACTCGTGAGTGGTC-1	1
GGACTCTTCCGGTTGA-1	1
GGACTCTTTGACTAAG-1	0
GGAGAAGTCATTGGCA-1	2
GGAGACCAATGTGCTT-1	0
GGAGACCATCTACATA-1	2
GGAGACGACACCTTTG-1	0
GGAGCAACATTTCAAG-1	0
GGAGCACCAAGAACTA-1	4
GGAGGATTGAAAGGAG-1	3
GGAGGCCGAAGTCGTC-1	3
GGAGGCGAAGAACCGC-1	4
GGAGGGCTTGGTTGGC-1	0
GGAGGGTCAAGTAAGA-1	3
GGAGTGCCGCCCTGGA-1	1
GGAGTTGATTCTGTGT-1	3
GGATACTCATGAATTG-1	2
GGATCAAAGGACGAGG-1	2
GGATCAGAGCCATCAG-1	2
GGATCATCCCGTACGC-1	4
GGATCCGGAATATACT-1	4
GGATCTACCGTTCGTC-1	3
GGATCTTACTGCCCTT-1	1
GGATCTTGACTCAACC-1	2
GGATGAAGATCGCTGA-1	0
GGATGACGCGAGTTTA-1	3
GGATGCTGGCGTTCCT-1	2
GGATGGCTTGAAGTAT-1	0
GGATTAAGCTAAGGTC-1	0
GGATTAATCATGGACC-1	4
GGATTCAGTACGGTGG-1	2
GGATTCCGCTATACCC-1	0
GGATTGAAGTAGCCTC-1	4
GGATTTCACTTCTATA-1	0
GGCAAAGGCGCCAATA-1	2
GGCAAATTACTTTACT-1	3
GGCAAGCCAGGGATAG-1	4
GGCAAGCCCATAGTGG-1	4
GGCAAGGCGAAATAGC-1	0
GGCAATAGTCAATGAG-1	1
GGCACGCTGCTACAGT-1	3
GGCACTCAGCCGACCC-1	2
GGCACTCCACTGGGCA-1	3
GGCACTGCGGTGGTTT-1	3
GGCAGCAAACCTATGC-1	0
GGCAGCGGTAATCCTA-1	4
GGCATACAGGTAGCGG-1	1
GGCATATCGGTTCTGC-1	0
GGCATCAACGAGCACG-1	2
GGCATTGAACATCTCA-1	0
GGCCAATTGTATAGAC-1	4
GGCCACAAGCGATGGC-1	2
GGCCCAATCTAGAGGG-1	4
GGCCCAGCTGGTTTGC-1	4
GGCCCAGTTATCAGCA-1	0
GGCCCGGAGCATGTCT-1	1
GGCCCGTATACCATGC-1	1
GGCCCTCACCCACTTA-1	1
GGCCGAGACTCTGGTG-1	1
GGCCGCAGGAACCGCA-1	1
GGCCGGCGTCTGCTAT-1	4
GGCCGTTTGGGTTTCA-1	3
GGCCTGCTCTGATGTT-1	4
GGCCTGCTTCTCCCGA-1	3
GGCCTTTGCAACTGGC-1	2
GGCGAAATCTAACTTG-1	4
GGCGAACCGTTCTGAT-1	1
GGCGAGCGAAACGGCA-1	2
GGCGCAGGACATCTTC-1	2
GGCGCATGAATTGATG-1	3
GGCGCGGAGATCTTTC-1	4
GGCGCGTTCGAGTTTA-1	0
GGCGGAGTAATATTAG-1	1
GGCGGGCTCTAAGAGT-1	2
GGCGGTAGGATCATTG-1	0
GGCGTACCCTATATAA-1	2
GGCGTAGGGAAAGCTG-1	4
GGCGTCCTATCCGCTG-1	1
GGCTAATGATTGAAAT-1	0
GGCTACTATACACTCC-1	0
GGCTATTAAGTTGTAT-1	1
GGCTCCTCCACCTGTT-1	1
GGCTCGTGCCACCAGC-1	2
GGCTCTGCTCCAACGC-1	0
GGCTGGCAATCCCACG-1	0
GGCTGGCTAGCTTAAA-1	1
GGCTGTCCTACTGCGG-1	0
GGCTTCTCGTGGGTGG-1	0
GGCTTTCAATAAGGGT-1	0
GGGAAAGAATGCCAAC-1	0
GGGAACGGGAGGTTAG-1	2
GGGAACGGTTTCAGAT-1	1
GGGAAGGGCTTTCTCA-1	4
GGGAATGAGCCCTCAC-1	0
GGGACAGAGTTACTCC-1	2
GGGACCCGTATATCTT-1	0
GGGACTGCATAGATAG-1	1
GGGAGAACTCACAGTA-1	3
GGGAGCGACCGTAGTG-1	0
GGGAGGATGCCCGAAA-1	1
GGGAGTAATGGCTGGC-1	2
GGGAGTTAATGAGGCG-1	0
GGGATATTGATCGCCA-1	1
GGGATCCCAATACAAA-1	3
GGGATGGACCCGCGTC-1	2
GGGATGGTCGTAACCG-1	1
GGGATTTACCGCACCT-1	4
GGGCAACCGCACGTGC-1	2
GGGCACGTAGTACTGT-1	0
GGGCACTATTGACCAT-1	2
GGGCAGACGTCACTGC-1	2
GGGCAGAGCAATCGTT-1	0
GGGCAGGATTTCTGTG-1	2
GGGCAGTCAACGCCAA-1	4
GGGCATGCATGTCGAG-1	0
GGGCCATTCGTGCTGG-1	2
GGGCCCGTCTTAAACA-1	3
GGGCCCTACGAAAGGG-1	2
GGGCCTAAATGGGCTA-1	2
GGGCCTATTTAAGTAT-1	0
GGGCGATATGTGTGAA-1	3
GGGCGCAGCGTTACTC-1	3
GGGCGGCAAATGAATT-1	3
GGGCGGGTTCCCTACG-1	1
GGGCGGTCCTATTGTC-1	2
GGGCGTACATTTATAT-1	1
GGGCGTCACCACGTAA-1	1
GGGCGTCCACTGGCTC-1	0
GGGCGTTTACATTCAT-1	2
GGGCTACTATTTCGTG-1	2
GGGCTATGATCGATGG-1	3
GGGCTGCCTAGGGCGA-1	0
GGGCTGGTTAGTCGCG-1	3
GGGTACCCACGGTCCT-1	1
GGGTACTTCATGAACT-1	2
GGGTATGTATGCACTT-1	2
GGGTATTCTAGCAAAC-1	1
GGGTCACCGTGACGGT-1	2
GGGTCAGGAGCTAGAT-1	4
GGGTCCTTGGAAGAAG-1	1
GGGTCGTGGCAAGTGT-1	4
GGGTCTATCGCTTTCC-1	3
GGGTGACACCTTAACT-1	3
GGGTGCATATGAAAGC-1	0
GGGTGGTCCAGCCTGT-1	3
GGGTGTTTCAGCTATG-1	3
GGGTTAACATTTGAGT-1	2
GGGTTCAGACGAACAA-1	1
GGGTTTAGGATAGGAT-1	3
GGTAAACTCTGCGCTG-1	3
GGTAAATGTGCGTTAC-1	3
GGTAACCGGGAGGATA-1	1
GGTAACTATGTATCTG-1	1
GGTACAAACATGCTAT-1	1
GGTACACCAGATTTAT-1	3
GGTACATCTGGGACGA-1	1
GGTACCATTAAGACGG-1	0
GGTACGTTGCGGCCGG-1	3
GGTACTAAGTGCTTTG-1	2
GGTAGAAGACCGCCTG-1	4
GGTAGACCGTTGGGCG-1	0
GGTAGGCCAATATCAC-1	0
GGTAGTGCTCGCACCA-1	0
GGTATAGTGACACATA-1	3
GGTATTGCCGAGTTTA-1	1
GGTCAAGACTACTTCG-1	3
GGTCAGTGGGTCCCAC-1	0
GGTCATTGTAGTCATA-1	3
GGTCCACGTCTATTTG-1	2
GGTCGGATAAACGGCG-1	4
GGTCGGCCAGGAGCTT-1	4
GGTCGGTAATTAGACA-1	2
GGTCGGTCGTCCACAG-1	3
GGTCGTAAGCTCGCAC-1	1
GGTCTCCAAGTAGTGC-1	2
GGTCTCCGTCCAGGTT-1	0
GGTCTCTGAATGGACT-1	2
GGTCTGAGAATCTGGA-1	1
GGTCTTGAGCGCTCTT-1	4
GGTGAAACCGGGAATG-1	2
GGTGAACGGGCTAGCC-1	2
GGTGAAGTACAGGGAT-1	2
GGTGACTGATAGAGAG-1	2
GGTGAGATGCAGATAA-1	2
GGTGATAAGGAGCAGT-1	0
GGTGATTTCATCTTGT-1	2
GGTGCATAAATGATTA-1	0
GGTGCGGATAAGTGGC-1	2
GGTGCTGATCACAAAG-1	2
GGTGCTGGTACACATT-1	1
GGTGGAGGTTGATACG-1	1
GGTGGGATTAGGTCCC-1	3
GGTGTAAATCGATTGT-1	4
GGTGTAGGTAAGTAAA-1	0
GGTGTTCTGTTTCTAC-1	4
GGTGTTGGGCGTCTTA-1	1
GGTTACCACCCTCGGG-1	2
GGTTACCCGACACTTT-1	1
GGTTACCGCTCCCTAC-1	1
GGTTAGCTATATGTCT-1	4
GGTTAGGCTTGGAGAA-1	1
GGTTAGGGATGCTAAT-1	2
GGTTAGTTACGGCGCC-1	2
GGTTCCACCCGCTTCT-1	4
GGTTCCCTAGTGTCTC-1	0
GGTTCCGTACGACTAA-1	3
GGTTCGCATTTGCCGT-1	0
GGTTCGGATTATACTA-1	2
GGTTCTACTCGTCTGA-1	3
GGTTGTGTAGCCTGGC-1	1
GGTTTAATTACCATCG-1	1
GGTTTAATTGAGCAGG-1	1
GGTTTACAATCTCAAT-1	3
GGTTTAGCCTTTCTTG-1	3
GGTTTGACAAGAAGCT-1	0
GGTTTGAGTGCTGGAA-1	1
GGTTTGCGAACACGTA-1	0
GGTTTGTGACCTGAGG-1	0
GTAACAACTGACCTTG-1	0
GTAACAGGTTAACGGC-1	0
GTAACATCTAAGATAA-1	3
GTAACTACGTAGACCT-1	1
GTAACTGCCCAAGGAG-1	3
GTAACTTGCGGCAGTC-1	2
GTAAGCGGGCAGTCAG-1	3
GTAAGGATTTGTCGGA-1	3
GTAAGTAGGGTATACC-1	2
GTAAGTCCACACTCTA-1	1
GTAATAAAGGGCTCCC-1	0
GTAATCTGATTCTTCG-1	1
GTACACTTACCTGAAG-1	3
GTACGACGGCGCTGCG-1	2
GTACGAGATTGCGACA-1	1
GTACGCTTCATTGCAC-1	4
GTACGTCACGTATTAA-1	0
GTACGTTTGCCCGTCA-1	0
GTACTAAGATTTGGAG-1	3
GTACTACGGCCTCGTT-1	0
GTACTCCCTTATCGCT-1	1
GTACTCCTGGGTATGC-1	4
GTACTGAGGTCGTAAC-1	1
GTACTGCATGAAGCGT-1	2
GTACTGGAGTTAGACC-1	4
GTACTTGGGCACTTCT-1	2
GTAGAAACGGGTGGAG-1	2
GTAGACAACCGATGAA-1	2
GTAGACGTCGTTACAT-1	2
GTAGAGGGAGACAAGT-1	1
GTAGCCAAACATGGGA-1	4
GTAGCGCTGTTGTAGT-1	2
GTAGCGGCTATACACT-1	0
GTAGCTAGTAAGCGCG-1	0
GTAGCTCCGGGAGGCT-1	3
GTAGGTGATCCGTGTA-1	0
GTAGTGAGCAACCTCA-1	3
GTAGTTCGAAGGCGAA-1	1
GTAGTTTAAGCACACG-1	1
GTATAGGACTCAGTAG-1	3
GTATAGTGGCCCATGT-1	4
GTATCAAACGTTAGCT-1	0
GTATCAAGGTACTTCC-1	4
GTATCAGCTTGGGTTC-1	2
GTATCCTTTGGTAACC-1	0
GTATCTCAGTCTTGAC-1	2
GTATCTCGGGCGCTTT-1	1
GTATCTTTCATAACCA-1	0
GTATGAAATTTCACTC-1	2
GTATGTGGGTCTAGTT-1	0
GTATTAAGGCGTCTAA-1	2
GTATTCTGAGAAACGA-1	3
GTATTTAATGGCATAA-1	1
GTCAAAGAAGTGGTGT-1	1
GTCAAAGTTTACATAG-1	1
GTCAACCAGGCCTATA-1	0
GTCAAGCGGACTCGGG-1	0
GTCAATGCTATAATTT-1	1
GTCAATTGTACTGAAG-1	2
GTCACAAAGTTTCCAA-1	3
GTCACCTGTCTATGTC-1	4
GTCACTCATGAGCGAT-1	1
GTCACTCTCCAAATCT-1	2
GTCAGAATAGTCTATG-1	2
GTCAGTTGTGCTCGTT-1	3
GTCAGTTTGGTAGTCG-1	2
GTCATCCCAAACTCAC-1	1
GTCATGCACCTCCGTT-1	1
GTCATGCGCGAGGGCT-1	0
GTCATGGACATGACTA-1	3
GTCATTAGAGCGAACG-1	3
GTCATTGCATTGACCC-1	2
GTCCAATATTTAGCCT-1	0
GTCCACGTCGCATTCG-1	3
GTCCAGGCACGTGTGC-1	0
GTCCATTACTGCTACG-1	0
GTCCCAACGTAAAGTA-1	0
GTCCCAATCATCCCGC-1	2
GTCCCGCGACGTTATG-1	4
GTCCGGACCTGAAATT-1	0
GTCCGGCTGAATTGCG-1	1
GTCCGTTAGAGGGCCT-1	0
GTCCTACGAATAGTCT-1	0
GTCCTACTCTACGGGC-1	1
GTCCTAGGATACCTTA-1	1
GTCCTTCTAGTGGGTT-1	0
GTCGAATTTGGGCGCT-1	1
GTCGATAGGTGACTTT-1	1
GTCGCCGTTGTGTGTT-1	3
GTCGCGTAACCCGTTG-1	0
GTCGGAAGGATACCAG-1	4
GTCGGATATCTCAGAC-1	2
GTCGGATGTAGCGCGC-1	3
GTCGGGAACATGGTAG-1	2
GTCGGGAAGCAGAAAC-1	4
GTCGGGTGAAGTACCG-1	3
GTCGTACCATCTCGGG-1	3
GTCGTACCTACGATTG-1	2
GTCGTATTGGCGTACA-1	4
GTCGTCAATTATAAGG-1	2
GTCGTCTGGTTGGCTA-1	1
GTCTACTCAATTACAA-1	2
GTCTAGTGAGCCGCTT-1	0
GTCTATACACGCATGG-1	0
GTCTATCTGAGTTTCT-1	1
GTCTATTGCATGCTCG-1	0
GTCTATTGGTTCCGGT-1	4
GTCTCCCGAGTCCCGT-1	0
GTCTCCGCCTCAATAC-1	4
GTCTCCTGCCAGTATG-1	2
GTCTCGACTAAGTTTG-1	3
GTCTCGATCTGCTTTC-1	0
GTCTGCCGACTCGACG-1	0
GTCTGGGCGGTCGAGA-1	1
GTCTGTAGGTTGAACA-1	1
GTCTTACCACGCCAAG-1	0
GTCTTAGTACAGCCGG-1	0
GTCTTGAGGAGCAGTG-1	3
GTGAAACGTGCTCCAC-1	2
GTGAACTCCCATTCGA-1	4
GTGAAGATTTCAAGTG-1	0
GTGAAGCCGTATAGTC-1	0
GTGAAGTCACGACTCG-1	1
GTGACCGCACACTACG-1	0
GTGACCTAAAGAATAA-1	1
GTGACGAGGGTGACCC-1	1
GTGACTTCAGTAGTGC-1	3
GTGAGATAACCTTATA-1	0
GTGAGCGTGCTGCACT-1	1
GTGAGGACACTTAAGG-1	4
GTGAGGAGCGGTTGAG-1	4
GTGAGTCGACTAATAG-1	1
GTGAGTGGTACAACGC-1	0
GTGATCAAGCGTGCAC-1	1
GTGATCACTAACGCCT-1	0
GTGATCATAGATCTGC-1	3
GTGATCCTTGTCATGA-1	4
GTGATGCACAACATCT-1	4
GTGATTCGCCGCTCAA-1	1
GTGCAACAAATGTGGC-1	1
GTGCACCAGCTTCAAC-1	0
GTGCACGAAAGTGACT-1	3
GTGCAGCGTAGAGTAG-1	1
GTGCCAAACGTTTCGA-1	2
GTGCCATCACACGGTG-1	1
GTGCCGCTTCAAAGGT-1	1
GTGCCTCAGTGTACGG-1	4
GTGCCTGAGACCAAAC-1	0
GTGCGAAATCGAACAC-1	2
GTGCGACAGGGAGTGT-1	0
GTGCGGGACCATCGGC-1	2
GTGCGGGTCTCCAAAT-1	2
GTGCTCAAGTACTGTC-1	3
GTGCTGCAGATAAGGA-1	2
GTGCTGTTAGAACATA-1	0
GTGCTTACATCAGCGC-1	3
GTGGAACCTACATGCG-1	0
GTGGACCAACCCGATT-1	2
GTGGACGCATTTGTCC-1	0
GTGGACGTGCTGAGAC-1	2
GTGGAGCATGTCGGCC-1	2
GTGGAGCGTTTACCGA-1	3
GTGGAGTCGGCGGTTG-1	1
GTGGCAAACAGCGGCA-1	2
GTGGCCGGTTTCTCGG-1	3
GTGGCGGTCCCAGCGT-1	1
GTGGCTGTTTCTGTTC-1	0
GTGGGAACAAACCGGG-1	0
GTGGGAAGACTGAATC-1	2
GTGGGCTTAGACACAC-1	1
GTGGGTACTGAGCGTA-1	2
GTGGTATAGTCTGCCG-1	3
GTGGTCAGCGAAGTAT-1	4
GTGGTGATGGTTTGTG-1	1
GTGGTTACTTCTTTCG-1	0
GTGGTTTCCGCCTTTC-1	1
GTGTACCTTGGCTACG-1	0
GTGTACGAACCGTTCC-1	1
GTGTATGACTTTAAAG-1	2
GTGTCAGTGTACGTGG-1	3
GTGTCCGATAAGGCAT-1	4
GTGTCGTATTCACCTT-1	0
GTGTGAATAACTTAGG-1	4
GTGTTACTATGCGTCC-1	4
GTTAAAGTAGGACTGG-1	4
GTTAACTATGTTGTCA-1	3
GTTAAGTTAGAGTGGG-1	1
GTTAATAGCGTCATTA-1	3
GTTAATGTCTATCTTA-1	2
GTTACAATTGGTGACG-1	1
GTTACCAAGGCGTACG-1	1
GTTACCTACAACTTGC-1	0
GTTACGGCCCGACTGC-1	1
GTTACTTTGGGCCTAG-1	3
GTTAGAGTGTGCCGCT-1	3
GTTAGCCGTAAATCAA-1	0
GTTAGGCTACCCGTTT-1	2
GTTATAATACGGTGAA-1	1
GTTATATCAGGAGCCA-1	4
GTTATATTATCTCCCT-1	3
GTTATCAAGCTATCGA-1	0
GTTATCACCTTCTGAA-1	1
GTTATTAAATACGACC-1	3
GTTATTAACGTGGGAG-1	2
GTTCAATCTATGTCAA-1	3
GTTCACAGGAGTCTAG-1	2
GTTCAGTCGCCAAATG-1	0
GTTCATCGTTTGGCTG-1	0
GTTCCAGTCTGACCAT-1	3
GTTCCCGTAAACATAT-1	3
GTTCCGTCCGCCTGCA-1	3
GTTCGACAATTGTATA-1	1
GTTCGCCATAAGTGCC-1	1
GTTCGCTGAGACGTCT-1	0
GTTCGGAGCACTCAAC-1	3
GTTCGGATCGGGAACA-1	3
GTTCGGGCGTACCATT-1	3
GTTCGTCTAAAGAACT-1	0
GTTCGTCTGGGTCCCT-1	1
GTTCTTGTAACTCAAT-1	4
GTTGAACCGGTTCCAT-1	3
GTTGCACGGAGTTTCG-1	2
GTTGCAGTCGACAACA-1	2
GTTGCCCTAACGGGTG-1	2
GTTGCGCTAACATTAC-1	1
GTTGCGGACGGTCAGG-1	3
GTTGGACCGCATCAGG-1	1
GTTGGATTTGCGTTGG-1	1
GTTGGTCATGCTATCC-1	0
GTTGTCGTGTTAGTTG-1	2
GTTGTTACATTGCGCT-1	3
GTTGTTGCAAGATGGC-1	2
GTTTACGTTCCATCTG-1	1
GTTTCAAACGAGTTGT-1	0
GTTTCATATCGTCGCT-1	1
GTTTCCTGGAGGGTGA-1	1
GTTTCTAGAGGCGCGG-1	0
GTTTCTGCAGTCTCCC-1	0
GTTTGACCAAATCCTA-1	3
GTTTGGCCGCTCAGCG-1	2
GTTTGGGCTTGTGAGC-1	0
GTTTGGGTTTCGCCCG-1	0
GTTTGGTAGGGTCAAC-1	0
GTTTGGTGATCGGTGC-1	3
GTTTGTTAGCCAAGTA-1	2
TAAACCCAGGAGGGCA-1	1
TAAAGACAACCCTTTA-1	3
TAAAGAGCCCGAAACC-1	3
TAAAGCGGTATTTCCA-1	3
TAAAGCGTTAGGAGAA-1	4
TAAAGTGCACGTCTCG-1	0
TAAATCTTTACACCTC-1	3
TAAATGAATCCGTTTC-1	2
TAAATGGGCTACTGAG-1	2
TAAATTGTGGGTAAAG-1	4
TAAATTTAGTAACACC-1	3
TAACAAAGGGAGAAGC-1	1
TAACAATATTTGTTGC-1	2
TAACAGCGTTTGTGCT-1	1
TAACAGGTTCCCTTAG-1	0
TAACATACAATGTGGG-1	0
TAACATACACGCGATC-1	2
TAACCGCCCGCAGTGC-1	2
TAACCTACCGTCCGAG-1	0
TAACCTAGGGAGTCCA-1	3
TAACGCTTTGAGAGCG-1	2
TAACTATCGAAGGTCC-1	2
TAACTATTACGCCAAA-1	0
TAACTCATCCGCGCGG-1	3
TAACTCCATGGAGGCT-1	2
TAACTGAAATACGCCT-1	2
TAAGAGGGACAGGGAC-1	2
TAAGATTTAGCGGGAG-1	1
TAAGCAGGCGACACGC-1	1
TAAGCCCTTACGACCA-1	0
TAAGCGCGAATCAAAT-1	2
TAAGGAACTTGTGGGA-1	1
TAAGGCAACATAAGAT-1	3
TAAGGCATAACATCAA-1	3
TAAGGCTGAATCCCTC-1	0
TAAGGGCCTGTCCGAT-1	0
TAAGGGCTGGGAGAGG-1	2
TAAGTAAATGTGCCGC-1	4
TAAGTAACATCTTGAC-1	1
TAAGTCGCCGAGTATC-1	2
TAAGTCGGTGAGCTAG-1	2
TAAGTGAATAGTCTAC-1	1
TAAGTTGCGACGTAGG-1	0
TAATAAACAAGGAGAT-1	4
TAATACACAGTAGTAT-1	3
TAATACTAGAACAGAC-1	4
TAATAGAACAGAGTTA-1	1
TAATAGCTAAATGATG-1	3
TAATAGGTCACCAGAA-1	1
TAATAGTGACGACCAG-1	0
TAATATTGAAATTCGC-1	2
TAATCAACCAAATGGG-1	2
TAATGAAAGACCCTTG-1	2
TAATGTCGGTTCATGG-1	1
TAATTACGTCAGTAGA-1	0
TAATTAGATGGATATG-1	1
TAATTAGGACATCCGT-1	3
TAATTCCAATGCTTCA-1	3
TAATTGGAATCGGGAA-1	4
TAATTTCCGTCCAGTA-1	1
TACAAATTGCGGAGGT-1	0
TACAACAGCGCATACA-1	3
TACAACGCACAACTCA-1	3
TACAAGGGCTTCTTTA-1	0
TACAAGTCTCGTGCAT-1	1
TACACAGCCGTGGTGC-1	4
TACACCGTCGTTAGTC-1	1
TACACCTCTTCGAATC-1	0
TACAGAAACGGTGGGC-1	4
TACATAGGCATACACC-1	3
TACATCCCTATCCCTG-1	1
TACATGCCGGAATTGT-1	2
TACATTTCTAACGTGC-1	3
TACCAAATAGCCCAGA-1	0
TACCAATAAAGTACCA-1	4
TACCAGAAGTAGGTTC-1	3
TACCAGCTAGGTTTAA-1	3
TACCAGGAATCCCGTC-1	3
TACCATGTATTGATTT-1	2
TACCCTCGGTAACCCT-1	1
TACCGAATAATTGTAA-1	0
TACCGCGGACTTGCAG-1	0
TACCGGCTCACTGCCC-1	0
TACCGGTCGTTTCCAT-1	1
TACCGTAGGTTAACTA-1	0
TACCGTGCCTCGGACC-1	4
TACCTACTCCCAGTAT-1	0
TACCTATCCCTAGAGG-1	2
TACCTCACGCTTGTAC-1	3
TACCTCAGTTGTCTGT-1	3
TACCTCCACACCAATG-1	1
TACCTCTTTACCATCC-1	2
TACCTGCTGCACTGTG-1	2
TACCTTAAGATTTCCC-1	2
TACGAACACGACTTCA-1	3
TACGACGCTTGCTGCG-1	3
TACGACTGCCTCTTAG-1	0
TACGAGAACTTCACGT-1	1
TACGATGTTGATCATC-1	2
TACGCAGTTCTTTCCT-1	1
TACGCCATATTCTAAT-1	1
TACGCCGAGGGTACCC-1	2
TACGCCGCCTCAGAAG-1	2
TACGCCTCCATTCCGA-1	0
TACGCTATAGAAACCT-1	0
TACGCTCCTAGAACTG-1	3
TACGCTCGGTATTGGA-1	3
TACGCTGATAGTTGTA-1	2
TACGCTGCTGTGTTAA-1	2
TACGGCATGGACGCTA-1	2
TACGGGATGCTAGCAG-1	0
TACGGGTAATAACATA-1	0
TACGTAAAGCGGAGTG-1	0
TACGTACTAGTGCTGA-1	3
TACGTGCAAGGTTCCT-1	2
TACGTGCACTATGCTG-1	1
TACGTGGGCCCAGGGC-1	4
TACGTTTACCGGCAAT-1	1
TACTACGTGCAATGCG-1	0
TACTATGGTTCCTCAG-1	3
TACTCATTGACGCATC-1	2
TACTCCTCTAGTTGAC-1	3
TACTCGGCACGCCGGG-1	2
TACTCGTTTGAATCAA-1	0
TACTCTCCGAACAAAT-1	0
TACTCTTACTTTACTG-1	3
TACTCTTTCGTCTTCA-1	1
TACTGAACAGATTTAG-1	3
TACTGAGGGAAGAAAG-1	2
TACTGCAATCAATTAC-1	0
TACTGCATGATTAAAT-1	0
TACTGGACAGCTCGGC-1	1
TACTGTTTCTCTGGTA-1	1
TACTTAAACATGTACA-1	0
TACTTTCCGCACGCCA-1	1
TAGAAACCACTAAGTA-1	3
TAGAAAGGTGGCGCTA-1	0
TAGAAATTCACGTATA-1	2
TAGAAGAAGGGTTACA-1	2
TAGAATAGCCGATGAA-1	0
TAGAATTAAGGGCAAC-1	0
TAGACTACCTAGCGTT-1	0
TAGACTCAGTTGGCCT-1	2
TAGAGATCATGCAACT-1	2
TAGAGCTACGAAGAAC-1	2
TAGAGGTTCTACTTGT-1	0
TAGAGTGTTCCGGGTA-1	4
TAGATATGGACTGGAA-1	3
TAGATCCGAAGTCGCA-1	3
TAGATGGTTCCTTACT-1	0
TAGATTCAAAGTGCGG-1	1
TAGATTCCTGGTTATT-1	2
TAGATTCTCTAGCAAA-1	1
TAGCAACCTGTCACAA-1	1
TAGCAGATACTTAGGG-1	0
TAGCAGTATGACTAAA-1	0
TAGCCATGATTGCCTA-1	1
TAGCCATTTCAAAGTC-1	4
TAGCGTCCCTCGATTG-1	3
TAGCGTTGGGTCTTAC-1	0
TAGCTAAGTCCGGGAG-1	3
TAGCTAGAAGGCATGA-1	1
TAGCTAGTGATGATGG-1	3
TAGCTCACTGTGTTTG-1	1
TAGCTCAGATCCTAGT-1	0
TAGCTCGCCTGATAAC-1	0
TAGCTGATGTGAAGCG-1	2
TAGGAACAGCCTCCAG-1	0
TAGGAGGCTCGAGAAC-1	3
TAGGCATGTTACGCCA-1	0
TAGGCCTATATAGTCT-1	0
TAGGCGATGAGGTCTC-1	1
TAGGCGGCTGCAAAGA-1	1
TAGGCTAAAGTGGCAC-1	0
TAGGGAGCTTGGGATG-1	0
TAGGGTGTTTCAAGAG-1	3
TAGGTCCAAGTAAGGA-1	1
TAGGTCGCCGGAACTG-1	0
TAGGTGAGCCCTACTC-1	2
TAGGTGTTCCACAGAT-1	0
TAGGTTCGAGTTCGTC-1	1
TAGGTTCTGCTGAGAA-1	4
TAGTACCACAACTTTC-1	1
TAGTACCTTAGTGGTC-1	2
TAGTAGCTTATACCAG-1	1
TAGTAGTTGCCGGACA-1	4
TAGTCCCGGAGACCAC-1	4
TAGTCCGCAGAGAATG-1	3
TAGTCCTGCACTAAGC-1	2
TAGTCGATCACGGGTT-1	3
TAGTCTAACAACGAGA-1	1
TAGTCTGCGGCACATT-1	3
TAGTCTGTGACGTTGC-1	0
TAGTCTTTCCGAATTG-1	3
TAGTGACAAGCTCTAC-1	2
TAGTGAGAAGTGGTTG-1	1
TAGTGCCCTCCAGAGT-1	2
TAGTGGAACTCATACA-1	3
TAGTGTCAGAAACGGC-1	1
TAGTTAAGATAGGATA-1	0
TAGTTTATTCTTGCTT-1	1
TAGTTTGATCGGTCGC-1	1
TATAAATCCACAAGCT-1	2
TATAAGTGAGGATAGC-1	2
TATACACAGACGCCTT-1	0
TATACACGCAAAGTAT-1	2
TATACCGAGTGCCACA-1	3
TATAGAGTCGCTTGAA-1	3
TATAGATGGTCGCAGT-1	0
TATAGCGCACGTTATC-1	1
TATAGGGTACTCATGA-1	1
TATAGTTAGGTGTACT-1	2
TATATAGGGCTTTACG-1	1
TATATATCGAGAAATG-1	2
TATATCAAAGTGATCT-1	3
TATATCCCTGGGAGGA-1	0
TATATTACAAATGTCG-1	0
TATATTCGCGTCGATA-1	3
TATCACAGCACGGGCA-1	3
TATCACCATGTAAAGT-1	4
TATCACCCAACCGACC-1	4
TATCACTTCGAGTAAC-1	4
TATCAGTGGCGTAGTC-1	2
TATCCATATCATGCGA-1	3
TATCCATCTCGGTTAG-1	1
TATCCCTCGATCTGCA-1	0
TATCCGCACCGTCGGG-1	0
TATCCTATCAACTGGT-1	0
TATCGATGATTAAACG-1	1
TATCTACAGAGGTAAT-1	2
TATCTACCACAGCGGG-1	3
TATCTAGCCTAAAGGA-1	3
TATCTGAGCCGATATT-1	1
TATCTTGCAATACAAC-1	3
TATGAAGAATTAAGGT-1	0
TATGAAGACAGGTGCG-1	2
TATGACCTTGCGCTGG-1	2
TATGATAAATCTAACG-1	3
TATGATCCGGCACGCC-1	4
TATGATCTTCTCTTTA-1	0
TATGATTCTGCTTGGT-1	2
TATGCTCCCTACTTAC-1	3
TATGGATGTGCTACGC-1	1
TATGGCCCGGCCTCGC-1	2
TATGGCTAGGCTAATT-1	1
TATGGGACCGAGCAGG-1	1
TATGGGTACGTATCGT-1	3
TATGGTCTGAGTAACA-1	3
TATGGTTAGTGGGAGA-1	0
TATGTAAAGTGCTTAA-1	3
TATGTAGAAACCCGGC-1	2
TATGTCTCATTGTGCC-1	0
TATTAACACCAAAGCA-1	2
TATTAACCTGACCGCG-1	3
TATTACCATCCTGCTT-1	0
TATTATGTTTGCCTGC-1	3
TATTCAATTCTAATCC-1	0
TATTCCACTCAGCTCG-1	1
TATTCCGGCAGTCCTA-1	1
TATTCCTCCGCCCACT-1	2
TATTCGTGCCAGAATA-1	3
TATTGACATTTCTGCC-1	1
TATTGCCGGGCTTGTA-1	3
TATTTAGTCTAGATCG-1	3
TATTTATACCGAGTAG-1	0
TATTTGATTTGCACAG-1	1
TATTTGTTACCCTTTA-1	1
TCAAACAACCGCGTCG-1	1
TCAAACTTAGATTGTT-1	1
TCAAAGAGCTATCTGT-1	1
TCAAAGTCACGGCGTC-1	2
TCAAATTGTTGTGCCG-1	4
TCAAATTTGAGACTCA-1	4
TCAACAAAGATAATTC-1	2
TCAACACATTGGGTAA-1	2
TCAACATAGCGCCCTA-1	3
TCAACATCGACCGAGA-1	2
TCAACCATGTTCGGGC-1	1
TCAACGAGGAGACAAA-1	1
TCAACGCAGGAAATAA-1	1
TCAACGCGACCGGCAG-1	1
TCAACTAACGTATAAC-1	2
TCAACTGCAGAGTCAG-1	0
TCAAGAAATACTAGCT-1	3
TCAAGCGCGGACGGTA-1	3
TCAAGCTGCCTTGAAA-1	3
TCAAGGTTACTACACC-1	0
TCAATACGCCGTCATG-1	4
TCAATATACAGGAGGC-1	3
TCAATCCCGCGCCAAA-1	2
TCAATCCGGGAAGTTT-1	0
TCACAAACCGAGGTAC-1	0
TCACAGCAAACTCGAA-1	3
TCACAGGAGAATAAGA-1	1
TCACAGGTTATTGGGC-1	1
TCACATCTTATCTGAT-1	2
TCACCCTCTTAAGATT-1	3
TCACGATGTCCGTGGA-1	2
TCACGCATTGTAGATC-1	3
TCACGGCCCAAGAGAG-1	2
TCACGGTCATCGCACA-1	2
TCACGTGCCCGATTCA-1	3
TCACTACGACCAATGC-1	4
TCACTATCCCTTCGGT-1	0
TCACTCGTGCAACGGC-1	4
TCAGAACCTCCACAGG-1	3
TCAGAACGGCGGTAAT-1	0
TCAGACGCTATAGAAG-1	4
TCAGAGGACGCGTTAG-1	0
TCAGAGTGTGAGCATG-1	2
TCAGATGGAGACGTAG-1	0
TCAGCAAATGCATCTC-1	4
TCAGCAGTAGGCCCTG-1	1
TCAGCCAATCCGTAAA-1	0
TCAGCGCACGCCGTTT-1	0
TCAGCTTGAGCTTTCG-1	2
TCAGGGCGCAAACTCG-1	1
TCAGGGTGCACGAAAC-1	0
TCAGGGTGTAACGTAA-1	0
TCAGGTTCTTTGAGAA-1	2
TCAGTACTGACCCGCG-1	3
TCAGTAGGGACTATAA-1	1
TCAGTGTATACGTCAT-1	3
TCAGTTACGGAATGAT-1	0
TCATAAGTCCAAGAAG-1	2
TCATACTTACAGATCC-1	1
TCATATGAGCTTTGTT-1	0
TCATCACTCGAGCTCG-1	2
TCATCCATCTGATCAC-1	1
TCATCCCAGAGGGTGG-1	0
TCATCCTCAGCTGCTT-1	0
TCATCGACGACCGTCG-1	0
TCATCGATGGTCCCAA-1	1
TCATGCAGGTTCTCAT-1	3
TCATTTAAGTCTCCGA-1	0
TCATTTAGAAGTGTGA-1	3
TCCAACTCAGCTATCT-1	0
TCCAACTTTAAATTCT-1	1
TCCAAGCCTAGACACA-1	4
TCCAATAAAGGCTACC-1	3
TCCAATGCGTCGCCGC-1	2
TCCACAATGGTTTACG-1	1
TCCACCAAGACATAGG-1	0
TCCACCTCTAGCCTTT-1	0
TCCACTTTATCTAGGT-1	4
TCCAGAGCACCGGTTC-1	0
TCCAGATGTACGCCAA-1	3
TCCAGCGCTATAAGCG-1	1
TCCAGGCAGGACGATC-1	0
TCCAGGCGAGTACGGT-1	3
TCCAGGGTATATACGA-1	0
TCCATCAATACTAATC-1	2
TCCATTCCCACTAGAG-1	1
TCCATTGTGACCTCGT-1	3
TCCCAAACAGACAACG-1	4
TCCCAAACATCCTCTA-1	3
TCCCAAAGACGAAGGA-1	3
TCCCAAAGCCCTAAAT-1	1
TCCCACTCTCTTCCGG-1	3
TCCCAGCACACGACAT-1	2
TCCCAGCTTTAGTCTG-1	3
TCCCAGGCTTAGCTAA-1	3
TCCCGCCTATGTGCGT-1	1
TCCCGCGTACTCCTGG-1	0
TCCCGGGTGTGCTGCT-1	2
TCCCGGTCAGGAATTT-1	2
TCCCGTCAGTCCCGCA-1	0
TCCCGTCGCGTCATAG-1	1
TCCCTAGATCAATAGG-1	3
TCCCTCTTCTCAAGGG-1	3
TCCCTGGCGTATTAAC-1	2
TCCCTGGCTCGCTGGA-1	3
TCCCTTAGATTACTCG-1	0
TCCCTTGTCTGAAACT-1	3
TCCGAACGTTGCCGCT-1	3
TCCGAACTTGGCTTAC-1	1
TCCGAAGTAGTCACCA-1	0
TCCGAATGGTCCTGAG-1	3
TCCGACCGCTAATCAA-1	3
TCCGAGAAGGCTAAGC-1	2
TCCGATAATTGCCATA-1	3
TCCGATGACTGAGCTC-1	3
TCCGATGGTGCGACAT-1	1
TCCGATTACATTGCCG-1	2
TCCGCGGCAGCATCTG-1	4
TCCGCGGCCCAATGAA-1	0
TCCGCTTATCCCATTA-1	0
TCCGGAGGAAGGGCTG-1	0
TCCGGCCTAGCGTACA-1	4
TCCGGCCTGCATCGAT-1	3
TCCGGCTGTCGGGTCG-1	2
TCCGGGCCACTAACGG-1	4
TCCGGGCTTGACGGGA-1	0
TCCGGTTCGTCCGGTC-1	3
TCCGTTAAGCTAATAT-1	1
TCCTAAAGATTCAGAC-1	0
TCCTAAATTGGGAAGC-1	4
TCCTAACCGTCGGGCA-1	0
TCCTAGCAAAGAAGCT-1	2
TCCTATCATAGGTAAC-1	1
TCCTCCTAAGACATTC-1	1
TCCTCGGGCTGGGCTT-1	0
TCCTCTACGAGATGGC-1	1
TCCTCTCCAGTTGTCC-1	2
TCCTCTGGCCCATTAG-1	0
TCCTGCAGCCGCCAAT-1	0
TCCTGCCAACTGGAGA-1	4
TCCTGCGTTGATACTC-1	2
TCCTGGCGCTGCCTGG-1	4
TCCTTACGACGGTCCG-1	0
TCCTTCAATCCCTACG-1	2
TCCTTCAGTGGTCGAA-1	3
TCCTTTAAATCCGCTT-1	0
TCCTTTCTTACGCTTA-1	1
TCGAAATTTAGGACCA-1	2
TCGAAGAACCGAGCAC-1	0
TCGAATATCCCGCAGG-1	1
TCGAATCGCAGGGTAG-1	4
TCGACAACTGAACCCG-1	1
TCGACATAGCGTAGCG-1	3
TCGAGACCAACACCGT-1	1
TCGAGCCAGGCAGGCC-1	1
TCGAGGGCAACAGACG-1	3
TCGAGTCTACGATTCG-1	2
TCGATAGGCTAGTCGC-1	2
TCGCATAAAGGGCGCA-1	3
TCGCATCCCTAAGTGT-1	2
TCGCATTCAATGACTT-1	2
TCGCCACCCGGATTAC-1	2
TCGCCCAACTGACTCC-1	4
TCGCCGAAGTTGCGTC-1	4
TCGCCGACATATTCGC-1	4
TCGCCGCACCGCGTGA-1	2
TCGCCGGTCGATCCGT-1	3
TCGCCTCCTTCGGCTC-1	4
TCGCGCGTTTACATGA-1	2
TCGCGTCCAGAAGGTC-1	1
TCGCTCGATATATTCC-1	1
TCGCTCGGCACCAGCG-1	0
TCGCTGCCAATGCTGT-1	4
TCGCTGGGCGGATTGT-1	0
TCGCTGTGCGTAAATC-1	2
TCGCTTAATTACGAAG-1	0
TCGGAATGACCATCAA-1	3
TCGGAATGCGCTCTGA-1	2
TCGGACGCCCAGCCCA-1	0
TCGGAGAGTATCGGGA-1	2
TCGGAGTACATGAGTA-1	0
TCGGATCTGGATGACC-1	1
TCGGCAGGGTTAAGGG-1	2
TCGGCGAACCCAAACC-1	3
TCGGCGTACTGCACAA-1	1
TCGGCTAACTTCCCTT-1	0
TCGGCTTGTATCGACG-1	0
TCGGGAACGTGCCTAG-1	0
TCGGGATTCAAACATA-1	2
TCGGGCACTTCTGGAT-1	1
TCGGGTGAAACTGCTA-1	2
TCGGTCCCGACAATAG-1	2
TCGGTCCCTGACTCCA-1	0
TCGGTGACCGCTCCGG-1	0
TCGGTTAGCCATGTAG-1	4
TCGTAACTCCCAAGAC-1	3
TCGTAAGACGACATTG-1	3
TCGTAAGCTCCGAGGA-1	0
TCGTACCGACGTCAAG-1	0
TCGTATAGTGCAATTA-1	1
TCGTATTACCCATTGC-1	2
TCGTATTTCGTCCGGA-1	3
TCGTCAAGTACGCGCA-1	1
TCGTCACACTGTTAGC-1	2
TCGTCCGCTGGCGTCT-1	2
TCGTCCGGGTACACTC-1	0
TCGTGTCACGCTGACA-1	1
TCGTTAGGAGTCCCTA-1	3
TCGTTCGTTATTATGT-1	3
TCGTTGCTATCCGGTC-1	3
TCGTTGGCTCGTCAAT-1	2
TCGTTTACGCGACCCT-1	0
TCTAAAGAACAGTCTC-1	2
TCTAACCTAGCCTGCG-1	3
TCTAATACTGCCTCAG-1	2
TCTACACGTTCATGCA-1	4
TCTACCCAATAGAGAG-1	3
TCTACCCGCATCATTT-1	3
TCTACCGTCCACAAGC-1	0
TCTACGCACGATCTCC-1	1
TCTACGGGCTCAGTTG-1	1
TCTAGCAATCTCCGCC-1	1
TCTAGCATCTTCGATG-1	2
TCTAGCATGCCCAGAA-1	0
TCTAGGTGGCGACGCT-1	4
TCTAGTGATATCGTGG-1	0
TCTAGTTATCAGAAGA-1	3
TCTATAGGTGGGTAAT-1	0
TCTATCATGCAGTTAC-1	2
TCTATCCGATTGCACA-1	0
TCTATCGGTCGCAACA-1	3
TCTATGCTATAACGAC-1	0
TCTATTACGCTGGCGA-1	2
TCTATTACTAGAGGAT-1	1
TCTCAAATCAATCGGG-1	0
TCTCAGGCTACTCGCT-1	3
TCTCATGAGATAGGGT-1	4
TCTCCAACGTAGGTTA-1	0
TCTCCACAAGTTGAAT-1	0
TCTCGACGTATCGCCG-1	3
TCTCGAGGAGGTTCGC-1	3
TCTCGTGTTACGAGGA-1	1
TCTCTAATAGCTGGTA-1	3
TCTCTCGCCGCACATA-1	3
TCTCTTACCGCGAACC-1	1
TCTGAACCGGTCGGCT-1	2
TCTGAACTCGTACCCG-1	0
TCTGAAGCACGTGGTC-1	4
TCTGAATTCCGTACAA-1	4
TCTGACGGGCTAACCC-1	3
TCTGAGCAATTGACTG-1	3
TCTGATCGGGTGCTAG-1	1
TCTGATTGGAAATGGA-1	1
TCTGCACCATTAGTAA-1	1
TCTGCATACCTTGCTT-1	0
TCTGCCAGAAACTGCA-1	4
TCTGCGAATCGTTCGC-1	1
TCTGCGTCCGGTTTCT-1	2
TCTGCTTAGAACAAGC-1	2
TCTGGAGCGTAAGAGT-1	2
TCTGGCCGTTCAAGTT-1	2
TCTGGCGCAAGCCGGG-1	2
TCTGGGAACCTTTGAA-1	0
TCTGGGTAGCGCTCAT-1	2
TCTGTCATACAAGAGC-1	1
TCTGTGCCATCATAGT-1	0
TCTGTGGCTACATTTC-1	3
TCTGTTACCCAGCATA-1	2
TCTTACAGAGGTACCG-1	2
TCTTACGGCATCCGAC-1	2
TCTTACTTATGCCTCT-1	0
TCTTAGAGCTCCAATT-1	3
TCTTAGAGTGAACTCT-1	0
TCTTCCCATGGGCACA-1	4
TCTTCGAATAGACGTT-1	0
TCTTCGATACCAATAA-1	1
TCTTCGCGGTGAGAGG-1	3
TCTTCTATAACCCGCC-1	3
TCTTGATGCGTAGCGA-1	4
TCTTGCTCCCGATACT-1	4
TCTTGGTAACACCAAA-1	3
TCTTGGTCAATGATAC-1	2
TCTTTAAGACTATGAA-1	0
TCTTTAGAGTCTAACA-1	1
TCTTTAGCAGGCGAAC-1	1
TCTTTCATCCGTCCTT-1	2
TCTTTCCTTCGAGATA-1	1
TCTTTCTCTTAAGGAG-1	3
TGAAACTTATGCAAGC-1	3
TGAAAGGACCTGACTC-1	4
TGAACAAGCAGGGACT-1	1
TGAACTGCTATGACTT-1	1
TGAATACCGACGCGTA-1	4
TGAATATGCTATAAAC-1	0
TGAATGAGATACAGCA-1	3
TGAATGAGTGTTTCCC-1	0
TGAATGTCAGCCGGCC-1	3
TGAATTTCACTTGCCT-1	2
TGACAACGCATGTCGC-1	2
TGACAACTTAAAGGTG-1	3
TGACAGAAATCTTGCT-1	4
TGACAGGACAAGTCCA-1	2
TGACATATATGACGAT-1	2
TGACATCGAGCGGACC-1	1
TGACATGTAACGTGAC-1	4
TGACCAAATCTTAAAC-1	4
TGACCAGCTTCAAAGT-1	4
TGACCCACGTTAGACA-1	2
TGACGAATATTTCCCT-1	2
TGACGATGCACTAGAA-1	0
TGACTATAATCCTTTC-1	0
TGACTCCGAATCATAC-1	2
TGACTCTAACTGGTAA-1	2
TGAGAATGCTTTACCG-1	3
TGAGACGTACCTCTCA-1	2
TGAGAGATTTACCACG-1	0
TGAGATCAAATACTCA-1	3
TGAGCAGTCGTGAAGT-1	2
TGAGCCATACAGTCTC-1	2
TGAGCGGAAAGTGTTC-1	0
TGAGCTCAACTGTATA-1	2
TGAGCTTTAATGACGC-1	0
TGAGGAGTGCCAGCTT-1	0
TGAGGCATGTACTGTG-1	1
TGAGGTGTGTGGCGGA-1	0
TGAGTAAATTAGCGTA-1	3
TGAGTGCCTCTTAAAT-1	3
TGAGTGTAACAACGGG-1	0
TGAGTTAAAGACATTC-1	3
TGATACATTTAGCCGT-1	1
TGATCACCACACTGAC-1	0
TGATCAGGGAACTGCT-1	1
TGATCCCAGCATTAGT-1	0
TGATCGGTTTGACCCT-1	3
TGATCTATCACACTCT-1	0
TGATCTCCGGCGCCAG-1	3
TGATGGCTGTTTCTGA-1	3
TGATGTCAATTAAGTG-1	0
TGATTATGGCACGCAG-1	0
TGATTCAGGTCCCGCG-1	2
TGATTCCCGGTTACCT-1	3
TGATTCGTCTATCACT-1	1
TGATTCTGTCGCCGGT-1	1
TGATTTATTAGCTGTG-1	2
TGATTTCCTCCTGACG-1	2
TGCAAACGTACTAGTT-1	4
TGCAAAGTTCGTCTGT-1	4
TGCAACCCATCTGCGG-1	0
TGCAACTACTGGTTGA-1	0
TGCAAGAATGACGTAA-1	1
TGCAATCTAACACGGT-1	0
TGCACAGTGAAGTTAT-1	4
TGCACGAGTCGGCAGC-1	1
TGCAGAACTATATCGT-1	1
TGCAGAGTACCGAGCA-1	1
TGCAGATCGTCCTAGG-1	1
TGCAGCTACGTACTTC-1	2
TGCAGGATCGGCAAAG-1	3
TGCAGTGAGGCTCGGG-1	1
TGCAGTGGTAGGGAAC-1	2
TGCAGTTTCCTCCCAT-1	4
TGCATGGATCGGATCT-1	3
TGCATGTGACCCATAG-1	3
TGCATGTGGTAATCTA-1	0
TGCCAAAGTCAGACTT-1	2
TGCCAATGGGTACTCT-1	1
TGCCACACTAGAGGAA-1	2
TGCCACCTGGCGAAAC-1	0
TGCCAGTACGTGGAGA-1	4
TGCCATGGCTTATAAG-1	4
TGCCATTACTAAAGAA-1	4
TGCCCGATAGTTAGAA-1	4
TGCCCGTACCGTTAAA-1	4
TGCCGAAAGCGTATTC-1	3
TGCCGGATGTACGAGC-1	1
TGCCGTGGATCGTCCT-1	0
TGCCGTTCTTAATCGG-1	1
TGCCTAAATTTAATAG-1	1
TGCCTAATTGAAGATT-1	0
TGCCTGATCAAACGAT-1	1
TGCGAATATGGGATTT-1	2
TGCGACACCCTAGTGC-1	1
TGCGACGGCCGAACGT-1	2
TGCGAGAATATTACCC-1	1
TGCGAGATGGCGGCCA-1	0
TGCGCAAAGCATTTGG-1	3
TGCGCCGTTAATAACG-1	2
TGCGCGATTAACGGAG-1	2
TGCGGACTTGACTCCG-1	4
TGCGGAGTAAAGGTGC-1	3
TGCGGCATAGTTCAAC-1	3
TGCGGTCTACGAGTAA-1	4
TGCGGTGAAATTTCAT-1	3
TGCGTAAGAACCTGAT-1	1
TGCGTACGGCTAATTG-1	0
TGCGTCATGACTGAGC-1	1
TGCGTTTGTTGACACT-1	4
TGCTAAGTGTCTATTT-1	4
TGCTATACAAACGGAC-1	2
TGCTATGGCAAAGGGA-1	2
TGCTCAAAGGATGCAC-1	3
TGCTCCACAGTTCTTA-1	0
TGCTCGGCGAAACCCA-1	0
TGCTCTGCCGGTTCAC-1	1
TGCTGCGTCAGAGTTA-1	0
TGCTGGTTGGACAATT-1	2
TGCTGTTGAAGAACTC-1	1
TGCTTAGAGAGAATGC-1	2
TGCTTCCCAAGCAGTA-1	4
TGGAACCACTGACACA-1	0
TGGAAGAAGGGAACGT-1	3
TGGAAGACGAACACCA-1	2
TGGAAGGATAAAGATG-1	3
TGGAATATCCTTGACC-1	4
TGGAATTAGACGCTTT-1	2
TGGACCAATCTAAGAT-1	4
TGGACGCAATCCAGCC-1	2
TGGACTGTTCGCTCAA-1	4
TGGAGAATAATCGTCC-1	3
TGGAGCTAAAGTTCCC-1	3
TGGAGGGAAACACCTC-1	3
TGGAGTGATGCGATGA-1	2
TGGATGGCATCTTGGA-1	0
TGGCAACTCGCGCGCC-1	4
TGGCAAGCACAAGTCG-1	0
TGGCAATGGGACGGCG-1	0
TGGCAGATTACGATCA-1	1
TGGCAGCAGTAATAGT-1	4
TGGCATGAAGTTTGGG-1	1
TGGCCAAACTGAAGTA-1	0
TGGCCAATTTGGTACT-1	1
TGGCCGTATATTGACC-1	2
TGGCGACTGCTCCAAA-1	1
TGGCGATCAAGTTATG-1	1
TGGCGGTGTGCGATTG-1	2
TGGCTACACTCTACCT-1	0
TGGCTCTTGTCGCGTA-1	2
TGGCTTATGTATAATG-1	1
TGGCTTGTACAAGCTT-1	3
TGGCTTTGGGTAGACA-1	2
TGGGAAATGCCTTTCC-1	2
TGGGCAATAGTTGGGT-1	0
TGGGCACAAACAGAAC-1	2
TGGGCACGTTCTATGG-1	0
TGGGCAGGCCACCGCA-1	3
TGGGCCACAAGAGCGC-1	3
TGGGCCCATACTAATT-1	0
TGGGCGATACAATAAG-1	4
TGGGTAAGGTTCCCGC-1	0
TGGGTGCACAAGCCAT-1	0
TGGGTGGGATGTCATT-1	0
TGGGTGTAATAGATTT-1	0
TGGGTTTCGGGCGTAC-1	1
TGGTAAGCAGGATTGA-1	1
TGGTAGAATATATGGG-1	0
TGGTATCGCATCCCAA-1	3
TGGTATCGGTCTGTAT-1	1
TGGTCGATATACCTCT-1	3
TGGTCGGGTACAGGGC-1	1
TGGTCGTGCAAGGCAA-1	2
TGGTCTGTTGGGCGTA-1	2
TGGTGATCGTATTTGT-1	2
TGGTGCCCTGCCTTAC-1	0
TGGTTAACTTACATTT-1	2
TGGTTAAGGGCGCTGG-1	4
TGGTTCGTAGCAAAGG-1	2
TGGTTGGAGGATCCTG-1	4
TGGTTTAAACGTGGGT-1	0
TGTAAGACTGATAAGA-1	1
TGTAATGACCACAATA-1	2
TGTACCCGACCCTAAT-1	2
TGTACCTACACGAGGG-1	0
TGTACGAACAAATCCG-1	1
TGTACTACTCTCACGG-1	1
TGTACTATCGCTCGTT-1	4
TGTACTGTGCCAAAGT-1	3
TGTACTTCCGGGCATG-1	3
TGTAGCCAATTCCGTT-1	4
TGTAGCCATCCCATTC-1	3
TGTAGTGATCTATAAT-1	2
TGTATAACAGATCCTG-1	0
TGTATACGGATGATGA-1	3
TGTATCAGACTGAAGC-1	0
TGTATCCTTATTCCAT-1	2
TGTATGGCGCAGACAG-1	0
TGTCATTTGTTGGGAA-1	4
TGTCCACGGCTCAACT-1	0
TGTCCCGACATAGCAC-1	3
TGTCCGCAAACAATTC-1	0
TGTCCGTGGCGCCTTT-1	1
TGTCCTAAGTCACCGC-1	2
TGTCGTTATCACATAT-1	1
TGTCTACAGTTTCTGT-1	2
TGTGACTACGCCAGTC-1	3
TGTGACTAGAGTTTGC-1	3
TGTGAGACTAGCCCAA-1	4
TGTGATTCCAGCGCTT-1	0
TGTGCCAGAGGCAAAG-1	2
TGTGCCGGTGCCGGAA-1	0
TGTGCTTTACGTAAGA-1	1
TGTGGACTATCTACGT-1	1
TGTGGAGGAAGCTTAA-1	3
TGTGGCGGGCTTCTGG-1	4
TGTGGCTCCCACCAAC-1	3
TGTGGTAGGGTGCCTT-1	2
TGTGGTTGCTAAAGCT-1	1
TGTGTAGTAGCACGTG-1	3
TGTGTCGAAGTCGAGG-1	2
TGTGTCGCGAGTTGCA-1	2
TGTGTGACCATGAATC-1	2
TGTGTTCGTATCCAAG-1	1
TGTTAACAAAGTGACT-1	2
TGTTCCGCTTCCATGA-1	3
TGTTCCGGCCTGAGCT-1	4
TGTTCGTATTGCGGTG-1	4
TGTTCTCATACTATAG-1	2
TGTTCTCTACTCCCTA-1	3
TGTTCTTCCATTGACT-1	3
TGTTGCCGTCGTCCCA-1	2
TGTTGTCAAGAAGTCT-1	0
TGTTTAATACTTCATC-1	0
TGTTTCGGTACTTCTC-1	3
TGTTTCTGAAGCGTGC-1	3
TGTTTGAGATCGTCAG-1	3
TTAAACCGGTAGCGAC-1	2
TTAAAGGCGATGCTCG-1	0
TTAAAGTAAGTCGCCA-1	0
TTAACACCTCGAACAT-1	2
TTAACCAACCCTCCCT-1	3
TTAACGAACAAGCAGT-1	0
TTAACGTCGCAAGACC-1	1
TTAACGTTAAAGCCTG-1	1
TTAACTGATCGTTTGG-1	2
TTAACTTCAGGTAGGA-1	2
TTAAGACGAACGAACC-1	4
TTAAGATACCCAGAGA-1	3
TTAAGATAGGATTGAC-1	4
TTAAGCCGACAACTTC-1	3
TTAAGCGCCTGACCCA-1	2
TTAAGGATACGGAGGT-1	2
TTAAGGCCCGTACTTT-1	2
TTAAGTATTGTTATCC-1	4
TTAATCAGTACGTCAG-1	0
TTAATGCGAGGTAACT-1	3
TTAATGTAGACCAGGT-1	3
TTAATTTCAGACGCGG-1	3
TTACAACTACGCATCC-1	3
TTACACGATCTGCGAC-1	3
TTACAGACCTAAATGA-1	4
TTACATCGTGGCCTGG-1	2
TTACATGCCACAACTA-1	3
TTACCATTGATTACCC-1	1
TTACCCATTGCCGGGT-1	0
TTACCCTAACAGTCCT-1	1
TTACCCTAGGGATTGG-1	0
TTACGGTGTCACCGAG-1	2
TTACGTATCTATGACA-1	3
TTACTATCGGCTTCTC-1	2
TTACTCCGGCCGGGAA-1	0
TTACTCTGGTACGTAC-1	1
TTACTGGGATATTTCA-1	1
TTACTGTCTAGAGCTC-1	3
TTACTGTTTCTCTACG-1	1
TTAGAAGAACATGACT-1	0
TTAGAATAAGGGTCGG-1	3
TTAGACACGATCGTTG-1	0
TTAGAGGGATATACAG-1	2
TTAGAGTATTGTCGAG-1	1
TTAGCAACATGGATGT-1	2
TTAGCCATAGGGCTCG-1	3
TTAGCGAATAGATAGG-1	4
TTAGCTCTGTAATCCG-1	2
TTAGCTGATTTGCCGT-1	0
TTAGGATGGGAGGGTA-1	2
TTAGGTCATAACCGAC-1	1
TTAGTAAACCTGCTCT-1	0
TTAGTAGGGCGGCGGG-1	2
TTAGTTATTCGTGGCA-1	0
TTAGTTCAAGTGTTCG-1	0
TTATAGATGCACATTA-1	2
TTATATACGCTGTCAC-1	0
TTATATTTGGCAATCC-1	3
TTATCCAATCGAACTC-1	2
TTATCCTCAAGGAATA-1	2
TTATCGCCTGCGAAGC-1	2
TTATCTGACATTAGGA-1	1
TTATCTGTATCATAAC-1	3
TTATGAATGAAAGGGA-1	3
TTATGACAAACTGGAT-1	2
TTATGCGTCCCGGTCC-1	1
TTATGTTTGCGATAGA-1	2
TTATTAGAGCGTGTTC-1	0
TTATTAGGGAAGCATC-1	3
TTATTATCTGGAAGGC-1	1
TTATTTAGGTTCCTTA-1	1
TTCAAAGTCTCTAGCC-1	0
TTCAACGACCCGACCG-1	1
TTCAAGCCGAGCTGAG-1	0
TTCAATTAGCCATAAT-1	3
TTCACGAAAGGATCAC-1	1
TTCACGGTCGTCACGT-1	0
TTCACTCGAGCACCTA-1	4
TTCACTTCCTAGAACG-1	1
TTCAGCTGGCGTGCCC-1	0
TTCAGGCGTCAAAGCC-1	2
TTCAGTTCAAGAGGAG-1	1
TTCATGGCGCAACAGG-1	3
TTCCAATCTGGCTATC-1	1
TTCCACACAGATTTGA-1	1
TTCCAGACGAGATTTA-1	3
TTCCAGTGGGTTTCGT-1	1
TTCCATCGACAGCGTG-1	0
TTCCCGACGCTTCACT-1	0
TTCCCGGCGCCAATAG-1	1
TTCCGCAGAGAAATAT-1	4
TTCCGCGTGAGGCGAT-1	0
TTCCGGCCTTGAGGCT-1	3
TTCCGGCTCGACTTCT-1	0
TTCCGGTATCTGTGTC-1	1
TTCCTCGAGGGTGTCT-1	3
TTCCTCTGCCCGAATA-1	2
TTCCTTTCTGTGTTGC-1	2
TTCGAACGAAACATGC-1	3
TTCGACAGAGCCCGTG-1	4
TTCGACGGGAAGGGCG-1	1
TTCGAGCCGGCGCTAC-1	0
TTCGCACTCGCGTGCT-1	1
TTCGCACTGTACGACA-1	0
TTCGCCGCTCGCGCTA-1	2
TTCGCGCGCCATACGA-1	3
TTCGCTAGGAAGTTGT-1	3
TTCGGACTGGGCATGG-1	2
TTCGGCAACCCGCTGA-1	0
TTCGGCTAGAGATGGT-1	1
TTCGGGACTAATCGCG-1	4
TTCGGGCGCTAGTCTT-1	2
TTCGGGTTGCCACGGG-1	3
TTCGGTACTGTAGAGG-1	4
TTCGGTGGAGACGCCC-1	2
TTCGTAATCCCAGCGG-1	0
TTCGTACTCCAGAACG-1	2
TTCGTTCAACGAAGTT-1	0
TTCTACCTCAATCGGT-1	2
TTCTACCTTTATGTTG-1	3
TTCTACTTGCGAGGGC-1	2
TTCTAGAAAGTCTTAT-1	3
TTCTAGGCCAATTGTG-1	3
TTCTATGCCTTTCGCA-1	1
TTCTATTAAACGCAGC-1	0
TTCTCAATTGCTACAA-1	2
TTCTCTTACAGGTGAT-1	1
TTCTGCCGCGCCTAGA-1	4
TTCTGCGAGCGCCCTT-1	1
TTCTGCTAGACTCCAA-1	1
TTCTTAGTGAACGGTG-1	1
TTCTTAGTGGCTCAGA-1	3
TTCTTATCCGCTGGGT-1	0
TTCTTCCCTTTGATAT-1	0
TTCTTCGCAATAGAGC-1	0
TTCTTGAGCCGCGCTA-1	1
TTCTTGCTAGCATCTC-1	3
TTCTTGGACGATCTGC-1	1
TTCTTGGAGTAATGAG-1	0
TTCTTGTAACCTAATG-1	2
TTCTTTGGTCGCGACG-1	0
TTGAAACCCTCATTCC-1	1
TTGAACGAATCCTTTG-1	2
TTGAACGACGTGCTGA-1	4
TTGAAGAATTCCCAGG-1	3
TTGAAGGATGGGCGCC-1	2
TTGAATATGGACTTTC-1	0
TTGAATCGTTGTATAA-1	2
TTGAATTCACGTGAGG-1	0
TTGACAGGAGCTCCCG-1	0
TTGACATGAACGTGGA-1	1
TTGACCATGTTCTCCG-1	0
TTGACCGTGTTAATGA-1	1
TTGACGATTCAGCACG-1	2
TTGACGCTCCATGAGC-1	0
TTGACTACCATATGGT-1	1
TTGACTATTGTCCGGC-1	4
TTGAGAAGTTTAGCAT-1	4
TTGAGAGTACTGCTAA-1	1
TTGAGCAGCCCACGGT-1	3
TTGAGCGCCACGTGAT-1	3
TTGAGGCATTTAACTC-1	4
TTGAGTCCCGCTGCTG-1	3
TTGATAGTCAATACAT-1	0
TTGATCTAACTTTGTC-1	3
TTGATGCCGCTCGTCG-1	1
TTGATTAGCTGTTTCT-1	1
TTGATTATGCAGATGA-1	2
TTGCACAATTCAGAAA-1	1
TTGCACGGAGCAGCAC-1	3
TTGCATGCTGATCACG-1	2
TTGCCAAGCAGAACCC-1	3
TTGCCATAGCCCGCTC-1	3
TTGCCCTGATCACGGG-1	2
TTGCCGCAGACCTACA-1	2
TTGCCTAATCCAAAGT-1	2
TTGCCTTCTCGCCGGG-1	0
TTGCGCACAACCACGT-1	0
TTGCGCTTGATCAATA-1	0
TTGCGGAAAGCTGCCC-1	3
TTGCGGCATCAGAAAG-1	3
TTGCGGCGACTCATGC-1	1
TTGCGTAGTTTGAGGA-1	2
TTGCGTCGGCCAACCG-1	1
TTGCGTGAACGCTTAG-1	4
TTGCGTGTGTAGGCAT-1	4
TTGCTCATAGTACGTG-1	0
TTGCTCCCATACCGGA-1	3
TTGCTGAAGGAACCAC-1	1
TTGCTGATCATGTTCG-1	3
TTGCTGCACCTATCCA-1	2
TTGCTGGCCGGGCTTC-1	3
TTGGAAGAATACAGTC-1	2
TTGGACATGTGGCTTA-1	1
TTGGACCATCTGGCAA-1	3
TTGGACCTATAACAGT-1	4
TTGGAGTCTCCCTTCT-1	2
TTGGATATCGTCTACG-1	1
TTGGATCGACTTCTGG-1	1
TTGGATTGGGTACCAC-1	3
TTGGCCAAATTGTATC-1	0
TTGGCCTAGAATTTCG-1	0
TTGGCGATCCGAATAT-1	2
TTGGCTCAATATGTGT-1	3
TTGGCTCGCATGAGAC-1	1
TTGGGAAGACGAGCCG-1	4
TTGGGACACTGCCCGC-1	0
TTGGGACGTAAGAGTT-1	3
TTGGGCGGCGGTTGCC-1	0
TTGGGTTTATTCAGCG-1	4
TTGGTATGGCTTGTGT-1	3
TTGGTCACACTCGTAA-1	1
TTGGTTCGCTCAAAGG-1	1
TTGGTTGCGGTGCGCG-1	2
TTGTAAGGACCTAAGT-1	1
TTGTAAGGCCAGTTGG-1	0
TTGTAATCCGTACTCG-1	1
TTGTACACCTCGAACA-1	2
TTGTATCACACAGAAT-1	1
TTGTCACCGCGGTATC-1	2
TTGTCGTTCAGTTACC-1	1
TTGTCTCGGCAAGATG-1	0
TTGTGAACCTAATCCG-1	0
TTGTGAGGCATGACGC-1	1
TTGTGATCTGTTCAGT-1	0
TTGTGCGGAAGCGGAT-1	2
TTGTGGAGACAGCCGG-1	2
TTGTGGCCCTGACAGT-1	3
TTGTGGTAGGAGGGAT-1	1
TTGTGGTATAGGTATG-1	1
TTGTGGTGGTACTAAG-1	4
TTGTGTATGCCACCAA-1	0
TTGTGTTTCCCGAAAG-1	1
TTGTTAGCAAATTCGA-1	2
TTGTTCAGTGTGCTAC-1	3
TTGTTGGCAATGACTG-1	1
TTGTTGTGTGTCAAGA-1	0
TTGTTTCACATCCAGG-1	3
TTGTTTCATTAGTCTA-1	2
TTGTTTCCATACAACT-1	2
TTGTTTGTATTACACG-1	0
TTGTTTGTGTAAATTC-1	1
